id,firstname,lastname,email,email2,profession
100,Cherilyn,Idelia,Cherilyn.Idelia@yopmail.com,Cherilyn.Idelia@gmail.com,developer
101,Janeczka,Jillane,Janeczka.Jillane@yopmail.com,Janeczka.Jillane@gmail.com,police officer
102,Oralee,Delila,Oralee.Delila@yopmail.com,Oralee.Delila@gmail.com,police officer
103,Chere,Hachmin,Chere.Hachmin@yopmail.com,Chere.Hachmin@gmail.com,police officer
104,Anica,O'Rourke,Anica.O'Rourke@yopmail.com,Anica.O'Rourke@gmail.com,police officer
105,Lenna,Gerge,Lenna.Gerge@yopmail.com,Lenna.Gerge@gmail.com,doctor
106,Ilse,Bury,Ilse.Bury@yopmail.com,Ilse.Bury@gmail.com,developer
107,Claresta,Khorma,Claresta.Khorma@yopmail.com,Claresta.Khorma@gmail.com,doctor
108,Dode,Joeann,Dode.Joeann@yopmail.com,Dode.Joeann@gmail.com,developer
109,Doralynne,Baptlsta,Doralynne.Baptlsta@yopmail.com,Doralynne.Baptlsta@gmail.com,worker
110,Pamella,Loleta,Pamella.Loleta@yopmail.com,Pamella.Loleta@gmail.com,doctor
111,Vinita,Naor,Vinita.Naor@yopmail.com,Vinita.Naor@gmail.com,worker
112,Gerrie,Ajay,Gerrie.Ajay@yopmail.com,Gerrie.Ajay@gmail.com,developer
113,Linzy,Atcliffe,Linzy.Atcliffe@yopmail.com,Linzy.Atcliffe@gmail.com,firefighter
114,Vonny,Alejoa,Vonny.Alejoa@yopmail.com,Vonny.Alejoa@gmail.com,developer
115,Nickie,Nelsen,Nickie.Nelsen@yopmail.com,Nickie.Nelsen@gmail.com,doctor
116,Maurene,Gualtiero,Maurene.Gualtiero@yopmail.com,Maurene.Gualtiero@gmail.com,firefighter
117,Emilia,Carri,Emilia.Carri@yopmail.com,Emilia.Carri@gmail.com,firefighter
118,Sherrie,Kress,Sherrie.Kress@yopmail.com,Sherrie.Kress@gmail.com,developer
119,Dianemarie,Sacken,Dianemarie.Sacken@yopmail.com,Dianemarie.Sacken@gmail.com,worker
120,Frieda,Ehrman,Frieda.Ehrman@yopmail.com,Frieda.Ehrman@gmail.com,doctor
121,Siana,Marisa,Siana.Marisa@yopmail.com,Siana.Marisa@gmail.com,police officer
122,Wileen,Phaidra,Wileen.Phaidra@yopmail.com,Wileen.Phaidra@gmail.com,firefighter
123,Kayla,Loeb,Kayla.Loeb@yopmail.com,Kayla.Loeb@gmail.com,police officer
124,Ursulina,Randene,Ursulina.Randene@yopmail.com,Ursulina.Randene@gmail.com,developer
125,Oona,Kinnard,Oona.Kinnard@yopmail.com,Oona.Kinnard@gmail.com,developer
126,Ermengarde,Fabiola,Ermengarde.Fabiola@yopmail.com,Ermengarde.Fabiola@gmail.com,doctor
127,Kirbee,Remmer,Kirbee.Remmer@yopmail.com,Kirbee.Remmer@gmail.com,developer
128,Morganica,Iphlgenia,Morganica.Iphlgenia@yopmail.com,Morganica.Iphlgenia@gmail.com,developer
129,Merle,Schalles,Merle.Schalles@yopmail.com,Merle.Schalles@gmail.com,doctor
130,Doro,Chapland,Doro.Chapland@yopmail.com,Doro.Chapland@gmail.com,developer
131,Arlena,Slifka,Arlena.Slifka@yopmail.com,Arlena.Slifka@gmail.com,firefighter
132,Joy,Bearnard,Joy.Bearnard@yopmail.com,Joy.Bearnard@gmail.com,police officer
133,Delilah,Atcliffe,Delilah.Atcliffe@yopmail.com,Delilah.Atcliffe@gmail.com,developer
134,Philis,Elvyn,Philis.Elvyn@yopmail.com,Philis.Elvyn@gmail.com,police officer
135,Deane,Stephie,Deane.Stephie@yopmail.com,Deane.Stephie@gmail.com,worker
136,Doralynne,Emmaline,Doralynne.Emmaline@yopmail.com,Doralynne.Emmaline@gmail.com,firefighter
137,Caritta,Olin,Caritta.Olin@yopmail.com,Caritta.Olin@gmail.com,worker
138,Aurore,Autrey,Aurore.Autrey@yopmail.com,Aurore.Autrey@gmail.com,firefighter
139,Janenna,Ledah,Janenna.Ledah@yopmail.com,Janenna.Ledah@gmail.com,worker
140,Hope,Lilybelle,Hope.Lilybelle@yopmail.com,Hope.Lilybelle@gmail.com,doctor
141,Rani,Hanshaw,Rani.Hanshaw@yopmail.com,Rani.Hanshaw@gmail.com,worker
142,Andree,Gamaliel,Andree.Gamaliel@yopmail.com,Andree.Gamaliel@gmail.com,developer
143,Tera,Helfand,Tera.Helfand@yopmail.com,Tera.Helfand@gmail.com,doctor
144,Henriette,Abernon,Henriette.Abernon@yopmail.com,Henriette.Abernon@gmail.com,developer
145,Lolita,Vastah,Lolita.Vastah@yopmail.com,Lolita.Vastah@gmail.com,worker
146,Tani,Magnolia,Tani.Magnolia@yopmail.com,Tani.Magnolia@gmail.com,police officer
147,Binny,Deegan,Binny.Deegan@yopmail.com,Binny.Deegan@gmail.com,developer
148,Frieda,Matthew,Frieda.Matthew@yopmail.com,Frieda.Matthew@gmail.com,worker
149,Sue,Eachern,Sue.Eachern@yopmail.com,Sue.Eachern@gmail.com,doctor
150,Danika,Fontana,Danika.Fontana@yopmail.com,Danika.Fontana@gmail.com,firefighter
151,Tracey,Danby,Tracey.Danby@yopmail.com,Tracey.Danby@gmail.com,doctor
152,Starla,Edvard,Starla.Edvard@yopmail.com,Starla.Edvard@gmail.com,developer
153,Merci,Nore,Merci.Nore@yopmail.com,Merci.Nore@gmail.com,developer
154,Roberta,Aldric,Roberta.Aldric@yopmail.com,Roberta.Aldric@gmail.com,police officer
155,Meghann,Paine,Meghann.Paine@yopmail.com,Meghann.Paine@gmail.com,worker
156,Diena,Malina,Diena.Malina@yopmail.com,Diena.Malina@gmail.com,developer
157,Coral,Ethban,Coral.Ethban@yopmail.com,Coral.Ethban@gmail.com,firefighter
158,Harmonia,Forrer,Harmonia.Forrer@yopmail.com,Harmonia.Forrer@gmail.com,doctor
159,Aurelie,Rustice,Aurelie.Rustice@yopmail.com,Aurelie.Rustice@gmail.com,doctor
160,Paulita,Adore,Paulita.Adore@yopmail.com,Paulita.Adore@gmail.com,developer
161,Silvana,Graig,Silvana.Graig@yopmail.com,Silvana.Graig@gmail.com,worker
162,Charmaine,Frodi,Charmaine.Frodi@yopmail.com,Charmaine.Frodi@gmail.com,firefighter
163,Janenna,Kermit,Janenna.Kermit@yopmail.com,Janenna.Kermit@gmail.com,worker
164,Nataline,Stevy,Nataline.Stevy@yopmail.com,Nataline.Stevy@gmail.com,developer
165,Mathilda,Poppy,Mathilda.Poppy@yopmail.com,Mathilda.Poppy@gmail.com,firefighter
166,Netty,McClimans,Netty.McClimans@yopmail.com,Netty.McClimans@gmail.com,firefighter
167,Correy,Jobi,Correy.Jobi@yopmail.com,Correy.Jobi@gmail.com,firefighter
168,Tatiania,Ellerey,Tatiania.Ellerey@yopmail.com,Tatiania.Ellerey@gmail.com,firefighter
169,Kore,Halla,Kore.Halla@yopmail.com,Kore.Halla@gmail.com,doctor
170,Aimil,Elo,Aimil.Elo@yopmail.com,Aimil.Elo@gmail.com,police officer
171,Meghann,Shaver,Meghann.Shaver@yopmail.com,Meghann.Shaver@gmail.com,police officer
172,Cathie,Emerson,Cathie.Emerson@yopmail.com,Cathie.Emerson@gmail.com,firefighter
173,Julieta,Kenwood,Julieta.Kenwood@yopmail.com,Julieta.Kenwood@gmail.com,police officer
174,Concettina,Dorothy,Concettina.Dorothy@yopmail.com,Concettina.Dorothy@gmail.com,doctor
175,Constance,Allys,Constance.Allys@yopmail.com,Constance.Allys@gmail.com,police officer
176,Betta,Rillings,Betta.Rillings@yopmail.com,Betta.Rillings@gmail.com,police officer
177,Jennica,Nance,Jennica.Nance@yopmail.com,Jennica.Nance@gmail.com,doctor
178,Fidelia,Baudin,Fidelia.Baudin@yopmail.com,Fidelia.Baudin@gmail.com,developer
179,Caressa,Lilas,Caressa.Lilas@yopmail.com,Caressa.Lilas@gmail.com,doctor
180,Daphne,Anton,Daphne.Anton@yopmail.com,Daphne.Anton@gmail.com,doctor
181,Linet,Stuart,Linet.Stuart@yopmail.com,Linet.Stuart@gmail.com,doctor
182,Ada,Vale,Ada.Vale@yopmail.com,Ada.Vale@gmail.com,developer
183,Jemie,Rubie,Jemie.Rubie@yopmail.com,Jemie.Rubie@gmail.com,doctor
184,Ermengarde,Liva,Ermengarde.Liva@yopmail.com,Ermengarde.Liva@gmail.com,worker
185,Margarette,Hylan,Margarette.Hylan@yopmail.com,Margarette.Hylan@gmail.com,doctor
186,Helsa,Dorine,Helsa.Dorine@yopmail.com,Helsa.Dorine@gmail.com,doctor
187,Sheelagh,Amand,Sheelagh.Amand@yopmail.com,Sheelagh.Amand@gmail.com,worker
188,Jorry,Thunell,Jorry.Thunell@yopmail.com,Jorry.Thunell@gmail.com,doctor
189,Sandie,Alcott,Sandie.Alcott@yopmail.com,Sandie.Alcott@gmail.com,developer
190,Raina,Ruvolo,Raina.Ruvolo@yopmail.com,Raina.Ruvolo@gmail.com,worker
191,Kimberley,Greyson,Kimberley.Greyson@yopmail.com,Kimberley.Greyson@gmail.com,worker
192,Dianemarie,Masao,Dianemarie.Masao@yopmail.com,Dianemarie.Masao@gmail.com,worker
193,Nananne,Christal,Nananne.Christal@yopmail.com,Nananne.Christal@gmail.com,worker
194,Taffy,Dex,Taffy.Dex@yopmail.com,Taffy.Dex@gmail.com,police officer
195,Madelle,Ulphia,Madelle.Ulphia@yopmail.com,Madelle.Ulphia@gmail.com,police officer
196,Cindelyn,Gualtiero,Cindelyn.Gualtiero@yopmail.com,Cindelyn.Gualtiero@gmail.com,developer
197,Suzette,Doig,Suzette.Doig@yopmail.com,Suzette.Doig@gmail.com,police officer
198,Madelle,Bollay,Madelle.Bollay@yopmail.com,Madelle.Bollay@gmail.com,worker
199,Letizia,Sundin,Letizia.Sundin@yopmail.com,Letizia.Sundin@gmail.com,doctor
200,Deirdre,Sigfrid,Deirdre.Sigfrid@yopmail.com,Deirdre.Sigfrid@gmail.com,developer
201,Tani,Dominy,Tani.Dominy@yopmail.com,Tani.Dominy@gmail.com,firefighter
202,Bernardine,Eckblad,Bernardine.Eckblad@yopmail.com,Bernardine.Eckblad@gmail.com,worker
203,Rosanne,Haymes,Rosanne.Haymes@yopmail.com,Rosanne.Haymes@gmail.com,worker
204,Romona,Tengdin,Romona.Tengdin@yopmail.com,Romona.Tengdin@gmail.com,worker
205,Barbi,Guthrie,Barbi.Guthrie@yopmail.com,Barbi.Guthrie@gmail.com,police officer
206,Orelia,Naashom,Orelia.Naashom@yopmail.com,Orelia.Naashom@gmail.com,developer
207,Elise,Paine,Elise.Paine@yopmail.com,Elise.Paine@gmail.com,firefighter
208,Angelique,Jobi,Angelique.Jobi@yopmail.com,Angelique.Jobi@gmail.com,police officer
209,Edith,Poll,Edith.Poll@yopmail.com,Edith.Poll@gmail.com,doctor
210,Elyssa,Margarete,Elyssa.Margarete@yopmail.com,Elyssa.Margarete@gmail.com,developer
211,Blinni,Sikorski,Blinni.Sikorski@yopmail.com,Blinni.Sikorski@gmail.com,worker
212,Glenda,Kiyoshi,Glenda.Kiyoshi@yopmail.com,Glenda.Kiyoshi@gmail.com,developer
213,Libbie,Croix,Libbie.Croix@yopmail.com,Libbie.Croix@gmail.com,developer
214,Gusella,Calhoun,Gusella.Calhoun@yopmail.com,Gusella.Calhoun@gmail.com,developer
215,Yvonne,Japeth,Yvonne.Japeth@yopmail.com,Yvonne.Japeth@gmail.com,developer
216,Sheree,Manolo,Sheree.Manolo@yopmail.com,Sheree.Manolo@gmail.com,worker
217,Darlleen,Eiser,Darlleen.Eiser@yopmail.com,Darlleen.Eiser@gmail.com,police officer
218,Jordan,Libna,Jordan.Libna@yopmail.com,Jordan.Libna@gmail.com,police officer
219,Gabi,Jethro,Gabi.Jethro@yopmail.com,Gabi.Jethro@gmail.com,doctor
220,Ariela,Thunell,Ariela.Thunell@yopmail.com,Ariela.Thunell@gmail.com,developer
221,Deane,Gregrory,Deane.Gregrory@yopmail.com,Deane.Gregrory@gmail.com,worker
222,Nonnah,Jena,Nonnah.Jena@yopmail.com,Nonnah.Jena@gmail.com,worker
223,Dominga,Yam,Dominga.Yam@yopmail.com,Dominga.Yam@gmail.com,doctor
224,Angela,Hull,Angela.Hull@yopmail.com,Angela.Hull@gmail.com,police officer
225,Gertrud,Francene,Gertrud.Francene@yopmail.com,Gertrud.Francene@gmail.com,developer
226,Olivette,Katrine,Olivette.Katrine@yopmail.com,Olivette.Katrine@gmail.com,developer
227,Tina,Imelida,Tina.Imelida@yopmail.com,Tina.Imelida@gmail.com,worker
228,Lanna,Syd,Lanna.Syd@yopmail.com,Lanna.Syd@gmail.com,developer
229,Kary,Wandie,Kary.Wandie@yopmail.com,Kary.Wandie@gmail.com,police officer
230,Jolyn,Latini,Jolyn.Latini@yopmail.com,Jolyn.Latini@gmail.com,doctor
231,Nyssa,Georas,Nyssa.Georas@yopmail.com,Nyssa.Georas@gmail.com,developer
232,Taffy,Carlson,Taffy.Carlson@yopmail.com,Taffy.Carlson@gmail.com,police officer
233,Chloris,Sheedy,Chloris.Sheedy@yopmail.com,Chloris.Sheedy@gmail.com,developer
234,Mathilda,Wind,Mathilda.Wind@yopmail.com,Mathilda.Wind@gmail.com,firefighter
235,Renae,Damarra,Renae.Damarra@yopmail.com,Renae.Damarra@gmail.com,police officer
236,Lacie,Bord,Lacie.Bord@yopmail.com,Lacie.Bord@gmail.com,firefighter
237,Tierney,Hortensia,Tierney.Hortensia@yopmail.com,Tierney.Hortensia@gmail.com,firefighter
238,Carolina,Fulmer,Carolina.Fulmer@yopmail.com,Carolina.Fulmer@gmail.com,firefighter
239,Susan,Brian,Susan.Brian@yopmail.com,Susan.Brian@gmail.com,doctor
240,Selia,Lenny,Selia.Lenny@yopmail.com,Selia.Lenny@gmail.com,doctor
241,Lorne,Mullane,Lorne.Mullane@yopmail.com,Lorne.Mullane@gmail.com,worker
242,Brana,Janene,Brana.Janene@yopmail.com,Brana.Janene@gmail.com,worker
243,Raina,Pettiford,Raina.Pettiford@yopmail.com,Raina.Pettiford@gmail.com,doctor
244,Tabbatha,Brady,Tabbatha.Brady@yopmail.com,Tabbatha.Brady@gmail.com,firefighter
245,Atlanta,Tillford,Atlanta.Tillford@yopmail.com,Atlanta.Tillford@gmail.com,developer
246,Kenna,Medrek,Kenna.Medrek@yopmail.com,Kenna.Medrek@gmail.com,doctor
247,Carree,Eugenia,Carree.Eugenia@yopmail.com,Carree.Eugenia@gmail.com,worker
248,Feliza,Annabella,Feliza.Annabella@yopmail.com,Feliza.Annabella@gmail.com,developer
249,Flory,Hoenack,Flory.Hoenack@yopmail.com,Flory.Hoenack@gmail.com,firefighter
250,Charlena,Milson,Charlena.Milson@yopmail.com,Charlena.Milson@gmail.com,firefighter
251,Fina,Revkah,Fina.Revkah@yopmail.com,Fina.Revkah@gmail.com,police officer
252,Gisela,Koziara,Gisela.Koziara@yopmail.com,Gisela.Koziara@gmail.com,police officer
253,Kara-Lynn,Cleo,Kara-Lynn.Cleo@yopmail.com,Kara-Lynn.Cleo@gmail.com,doctor
254,Emylee,Infield,Emylee.Infield@yopmail.com,Emylee.Infield@gmail.com,developer
255,Malina,Joni,Malina.Joni@yopmail.com,Malina.Joni@gmail.com,doctor
256,Marinna,Ivens,Marinna.Ivens@yopmail.com,Marinna.Ivens@gmail.com,worker
257,Karolina,Philoo,Karolina.Philoo@yopmail.com,Karolina.Philoo@gmail.com,worker
258,Nannie,Brotherson,Nannie.Brotherson@yopmail.com,Nannie.Brotherson@gmail.com,firefighter
259,Averyl,Christine,Averyl.Christine@yopmail.com,Averyl.Christine@gmail.com,doctor
260,Brianna,Swigart,Brianna.Swigart@yopmail.com,Brianna.Swigart@gmail.com,police officer
261,Estell,Alcott,Estell.Alcott@yopmail.com,Estell.Alcott@gmail.com,doctor
262,Gusty,Georgy,Gusty.Georgy@yopmail.com,Gusty.Georgy@gmail.com,police officer
263,Winny,Charity,Winny.Charity@yopmail.com,Winny.Charity@gmail.com,police officer
264,Lizzie,Jobi,Lizzie.Jobi@yopmail.com,Lizzie.Jobi@gmail.com,worker
265,Sabina,Hutchison,Sabina.Hutchison@yopmail.com,Sabina.Hutchison@gmail.com,doctor
266,Mary,Gaulin,Mary.Gaulin@yopmail.com,Mary.Gaulin@gmail.com,firefighter
267,Mara,Infield,Mara.Infield@yopmail.com,Mara.Infield@gmail.com,firefighter
268,Vanessa,Rooney,Vanessa.Rooney@yopmail.com,Vanessa.Rooney@gmail.com,firefighter
269,Alia,Kenney,Alia.Kenney@yopmail.com,Alia.Kenney@gmail.com,doctor
270,Esmeralda,Dulciana,Esmeralda.Dulciana@yopmail.com,Esmeralda.Dulciana@gmail.com,doctor
271,Melisent,Wallis,Melisent.Wallis@yopmail.com,Melisent.Wallis@gmail.com,developer
272,Tonia,Helfand,Tonia.Helfand@yopmail.com,Tonia.Helfand@gmail.com,police officer
273,Josephine,Artie,Josephine.Artie@yopmail.com,Josephine.Artie@gmail.com,doctor
274,Trudie,Friede,Trudie.Friede@yopmail.com,Trudie.Friede@gmail.com,developer
275,Adelle,Brittani,Adelle.Brittani@yopmail.com,Adelle.Brittani@gmail.com,police officer
276,Ada,Dannye,Ada.Dannye@yopmail.com,Ada.Dannye@gmail.com,firefighter
277,Patricia,Leifeste,Patricia.Leifeste@yopmail.com,Patricia.Leifeste@gmail.com,firefighter
278,Wileen,Candy,Wileen.Candy@yopmail.com,Wileen.Candy@gmail.com,doctor
279,Fawne,Krystle,Fawne.Krystle@yopmail.com,Fawne.Krystle@gmail.com,developer
280,Stacey,Dom,Stacey.Dom@yopmail.com,Stacey.Dom@gmail.com,police officer
281,Ulrike,Posner,Ulrike.Posner@yopmail.com,Ulrike.Posner@gmail.com,worker
282,Tersina,Franza,Tersina.Franza@yopmail.com,Tersina.Franza@gmail.com,police officer
283,Sidoney,Hilbert,Sidoney.Hilbert@yopmail.com,Sidoney.Hilbert@gmail.com,doctor
284,Kristina,Damarra,Kristina.Damarra@yopmail.com,Kristina.Damarra@gmail.com,firefighter
285,Jsandye,Hilbert,Jsandye.Hilbert@yopmail.com,Jsandye.Hilbert@gmail.com,police officer
286,Miquela,Erlandson,Miquela.Erlandson@yopmail.com,Miquela.Erlandson@gmail.com,developer
287,Calla,Fink,Calla.Fink@yopmail.com,Calla.Fink@gmail.com,worker
288,Rosabelle,Sidonius,Rosabelle.Sidonius@yopmail.com,Rosabelle.Sidonius@gmail.com,police officer
289,Allis,Lail,Allis.Lail@yopmail.com,Allis.Lail@gmail.com,firefighter
290,Willetta,Sidonius,Willetta.Sidonius@yopmail.com,Willetta.Sidonius@gmail.com,developer
291,Janenna,Sibyls,Janenna.Sibyls@yopmail.com,Janenna.Sibyls@gmail.com,police officer
292,Cassandra,Burkle,Cassandra.Burkle@yopmail.com,Cassandra.Burkle@gmail.com,police officer
293,Lorie,Kenney,Lorie.Kenney@yopmail.com,Lorie.Kenney@gmail.com,police officer
294,Glenda,Deny,Glenda.Deny@yopmail.com,Glenda.Deny@gmail.com,doctor
295,Mathilda,Pascia,Mathilda.Pascia@yopmail.com,Mathilda.Pascia@gmail.com,worker
296,Lulita,Ortrude,Lulita.Ortrude@yopmail.com,Lulita.Ortrude@gmail.com,doctor
297,Deirdre,Shaddock,Deirdre.Shaddock@yopmail.com,Deirdre.Shaddock@gmail.com,developer
298,Korrie,Granoff,Korrie.Granoff@yopmail.com,Korrie.Granoff@gmail.com,developer
299,Tybie,Peg,Tybie.Peg@yopmail.com,Tybie.Peg@gmail.com,developer
300,Kellen,Seessel,Kellen.Seessel@yopmail.com,Kellen.Seessel@gmail.com,firefighter
301,Alleen,Lail,Alleen.Lail@yopmail.com,Alleen.Lail@gmail.com,doctor
302,Antonietta,Timon,Antonietta.Timon@yopmail.com,Antonietta.Timon@gmail.com,worker
303,Johna,Manolo,Johna.Manolo@yopmail.com,Johna.Manolo@gmail.com,worker
304,Liana,Meter,Liana.Meter@yopmail.com,Liana.Meter@gmail.com,police officer
305,Ekaterina,Swanhildas,Ekaterina.Swanhildas@yopmail.com,Ekaterina.Swanhildas@gmail.com,worker
306,Betta,Alva,Betta.Alva@yopmail.com,Betta.Alva@gmail.com,firefighter
307,Linet,Bebe,Linet.Bebe@yopmail.com,Linet.Bebe@gmail.com,doctor
308,Vita,Stevy,Vita.Stevy@yopmail.com,Vita.Stevy@gmail.com,worker
309,Gabriellia,Weinreb,Gabriellia.Weinreb@yopmail.com,Gabriellia.Weinreb@gmail.com,firefighter
310,Fina,Dichy,Fina.Dichy@yopmail.com,Fina.Dichy@gmail.com,doctor
311,Marti,Mintz,Marti.Mintz@yopmail.com,Marti.Mintz@gmail.com,doctor
312,Eadie,Ulphia,Eadie.Ulphia@yopmail.com,Eadie.Ulphia@gmail.com,doctor
313,Maridel,Salvidor,Maridel.Salvidor@yopmail.com,Maridel.Salvidor@gmail.com,police officer
314,Taffy,Latini,Taffy.Latini@yopmail.com,Taffy.Latini@gmail.com,police officer
315,Vere,Sinegold,Vere.Sinegold@yopmail.com,Vere.Sinegold@gmail.com,doctor
316,Alameda,Santoro,Alameda.Santoro@yopmail.com,Alameda.Santoro@gmail.com,worker
317,Oralee,Means,Oralee.Means@yopmail.com,Oralee.Means@gmail.com,developer
318,Nelle,Egbert,Nelle.Egbert@yopmail.com,Nelle.Egbert@gmail.com,police officer
319,Henriette,Skurnik,Henriette.Skurnik@yopmail.com,Henriette.Skurnik@gmail.com,police officer
320,Chickie,Lynn,Chickie.Lynn@yopmail.com,Chickie.Lynn@gmail.com,developer
321,Valera,Tufts,Valera.Tufts@yopmail.com,Valera.Tufts@gmail.com,developer
322,Tierney,Cristi,Tierney.Cristi@yopmail.com,Tierney.Cristi@gmail.com,firefighter
323,Glenda,Tatianas,Glenda.Tatianas@yopmail.com,Glenda.Tatianas@gmail.com,worker
324,Diena,Neils,Diena.Neils@yopmail.com,Diena.Neils@gmail.com,developer
325,Marnia,Orelee,Marnia.Orelee@yopmail.com,Marnia.Orelee@gmail.com,developer
326,Meghann,Peonir,Meghann.Peonir@yopmail.com,Meghann.Peonir@gmail.com,doctor
327,Chastity,Wesle,Chastity.Wesle@yopmail.com,Chastity.Wesle@gmail.com,worker
328,Ezmeralda,Woodberry,Ezmeralda.Woodberry@yopmail.com,Ezmeralda.Woodberry@gmail.com,police officer
329,Ginnie,Adlare,Ginnie.Adlare@yopmail.com,Ginnie.Adlare@gmail.com,police officer
330,Sindee,Soneson,Sindee.Soneson@yopmail.com,Sindee.Soneson@gmail.com,doctor
331,Robbi,Doig,Robbi.Doig@yopmail.com,Robbi.Doig@gmail.com,worker
332,Rosabelle,Solitta,Rosabelle.Solitta@yopmail.com,Rosabelle.Solitta@gmail.com,police officer
333,Isa,Swanhildas,Isa.Swanhildas@yopmail.com,Isa.Swanhildas@gmail.com,police officer
334,Aigneis,Morgun,Aigneis.Morgun@yopmail.com,Aigneis.Morgun@gmail.com,firefighter
335,Minne,Zitvaa,Minne.Zitvaa@yopmail.com,Minne.Zitvaa@gmail.com,doctor
336,Mariann,Concha,Mariann.Concha@yopmail.com,Mariann.Concha@gmail.com,worker
337,Aili,Christal,Aili.Christal@yopmail.com,Aili.Christal@gmail.com,worker
338,Alia,Lamoree,Alia.Lamoree@yopmail.com,Alia.Lamoree@gmail.com,worker
339,Frank,Cutlerr,Frank.Cutlerr@yopmail.com,Frank.Cutlerr@gmail.com,doctor
340,Zondra,Center,Zondra.Center@yopmail.com,Zondra.Center@gmail.com,police officer
341,Ketti,Croix,Ketti.Croix@yopmail.com,Ketti.Croix@gmail.com,firefighter
342,Stevana,Garrison,Stevana.Garrison@yopmail.com,Stevana.Garrison@gmail.com,firefighter
343,Leona,Garlinda,Leona.Garlinda@yopmail.com,Leona.Garlinda@gmail.com,firefighter
344,Brooks,Bertold,Brooks.Bertold@yopmail.com,Brooks.Bertold@gmail.com,firefighter
345,Letizia,Lymann,Letizia.Lymann@yopmail.com,Letizia.Lymann@gmail.com,doctor
346,Margalo,Kendrick,Margalo.Kendrick@yopmail.com,Margalo.Kendrick@gmail.com,police officer
347,Edyth,Carvey,Edyth.Carvey@yopmail.com,Edyth.Carvey@gmail.com,police officer
348,Katharina,Cassius,Katharina.Cassius@yopmail.com,Katharina.Cassius@gmail.com,police officer
349,Madalyn,Eldrid,Madalyn.Eldrid@yopmail.com,Madalyn.Eldrid@gmail.com,police officer
350,Mariele,Septima,Mariele.Septima@yopmail.com,Mariele.Septima@gmail.com,firefighter
351,Livvyy,Terrence,Livvyy.Terrence@yopmail.com,Livvyy.Terrence@gmail.com,doctor
352,Augustine,Hathaway,Augustine.Hathaway@yopmail.com,Augustine.Hathaway@gmail.com,police officer
353,Lesly,Buckler,Lesly.Buckler@yopmail.com,Lesly.Buckler@gmail.com,doctor
354,Katharina,Salvidor,Katharina.Salvidor@yopmail.com,Katharina.Salvidor@gmail.com,firefighter
355,Jillayne,Ellerey,Jillayne.Ellerey@yopmail.com,Jillayne.Ellerey@gmail.com,developer
356,Blake,Leary,Blake.Leary@yopmail.com,Blake.Leary@gmail.com,worker
357,Jeanna,Thunell,Jeanna.Thunell@yopmail.com,Jeanna.Thunell@gmail.com,police officer
358,Raquela,Pierette,Raquela.Pierette@yopmail.com,Raquela.Pierette@gmail.com,firefighter
359,Bobinette,Brackely,Bobinette.Brackely@yopmail.com,Bobinette.Brackely@gmail.com,firefighter
360,Concettina,Ingra,Concettina.Ingra@yopmail.com,Concettina.Ingra@gmail.com,firefighter
361,Trudie,Lasley,Trudie.Lasley@yopmail.com,Trudie.Lasley@gmail.com,worker
362,Keelia,Ralfston,Keelia.Ralfston@yopmail.com,Keelia.Ralfston@gmail.com,developer
363,Mady,Breed,Mady.Breed@yopmail.com,Mady.Breed@gmail.com,worker
364,Lorenza,Madelene,Lorenza.Madelene@yopmail.com,Lorenza.Madelene@gmail.com,firefighter
365,Zia,Trinetta,Zia.Trinetta@yopmail.com,Zia.Trinetta@gmail.com,worker
366,Brandise,Loeb,Brandise.Loeb@yopmail.com,Brandise.Loeb@gmail.com,doctor
367,Genovera,Pattin,Genovera.Pattin@yopmail.com,Genovera.Pattin@gmail.com,doctor
368,Pamella,Kussell,Pamella.Kussell@yopmail.com,Pamella.Kussell@gmail.com,police officer
369,Lexine,Publia,Lexine.Publia@yopmail.com,Lexine.Publia@gmail.com,developer
370,Nananne,Chick,Nananne.Chick@yopmail.com,Nananne.Chick@gmail.com,firefighter
371,Madelle,Garlinda,Madelle.Garlinda@yopmail.com,Madelle.Garlinda@gmail.com,police officer
372,Ketti,Rona,Ketti.Rona@yopmail.com,Ketti.Rona@gmail.com,firefighter
373,Mireielle,Douglass,Mireielle.Douglass@yopmail.com,Mireielle.Douglass@gmail.com,firefighter
374,Ninnetta,Nedrud,Ninnetta.Nedrud@yopmail.com,Ninnetta.Nedrud@gmail.com,developer
375,Korrie,Leifeste,Korrie.Leifeste@yopmail.com,Korrie.Leifeste@gmail.com,worker
376,Malina,Luhe,Malina.Luhe@yopmail.com,Malina.Luhe@gmail.com,worker
377,Emylee,Natalia,Emylee.Natalia@yopmail.com,Emylee.Natalia@gmail.com,worker
378,Bettine,Ashok,Bettine.Ashok@yopmail.com,Bettine.Ashok@gmail.com,police officer
379,Kristina,Martguerita,Kristina.Martguerita@yopmail.com,Kristina.Martguerita@gmail.com,police officer
380,Alameda,Bultman,Alameda.Bultman@yopmail.com,Alameda.Bultman@gmail.com,worker
381,Concettina,Seligman,Concettina.Seligman@yopmail.com,Concettina.Seligman@gmail.com,doctor
382,Farrah,Hepsibah,Farrah.Hepsibah@yopmail.com,Farrah.Hepsibah@gmail.com,worker
383,Jenilee,Ader,Jenilee.Ader@yopmail.com,Jenilee.Ader@gmail.com,firefighter
384,Kelly,Hathaway,Kelly.Hathaway@yopmail.com,Kelly.Hathaway@gmail.com,doctor
385,Cristine,Tamsky,Cristine.Tamsky@yopmail.com,Cristine.Tamsky@gmail.com,firefighter
386,Leia,Shanley,Leia.Shanley@yopmail.com,Leia.Shanley@gmail.com,firefighter
387,Jasmina,Pulsifer,Jasmina.Pulsifer@yopmail.com,Jasmina.Pulsifer@gmail.com,worker
388,Mignon,Nea,Mignon.Nea@yopmail.com,Mignon.Nea@gmail.com,doctor
389,Susan,Estella,Susan.Estella@yopmail.com,Susan.Estella@gmail.com,developer
390,Helena,Connelly,Helena.Connelly@yopmail.com,Helena.Connelly@gmail.com,doctor
391,Gilda,Uund,Gilda.Uund@yopmail.com,Gilda.Uund@gmail.com,developer
392,Corry,Connelly,Corry.Connelly@yopmail.com,Corry.Connelly@gmail.com,doctor
393,Gui,Jefferey,Gui.Jefferey@yopmail.com,Gui.Jefferey@gmail.com,doctor
394,Shannah,Aurelio,Shannah.Aurelio@yopmail.com,Shannah.Aurelio@gmail.com,doctor
395,Lynea,Wind,Lynea.Wind@yopmail.com,Lynea.Wind@gmail.com,police officer
396,Donnie,Esmaria,Donnie.Esmaria@yopmail.com,Donnie.Esmaria@gmail.com,doctor
397,Nelle,Dash,Nelle.Dash@yopmail.com,Nelle.Dash@gmail.com,police officer
398,Chere,Maribeth,Chere.Maribeth@yopmail.com,Chere.Maribeth@gmail.com,developer
399,Emma,Pauly,Emma.Pauly@yopmail.com,Emma.Pauly@gmail.com,developer
400,Dari,Tacye,Dari.Tacye@yopmail.com,Dari.Tacye@gmail.com,worker
401,Selma,Malanie,Selma.Malanie@yopmail.com,Selma.Malanie@gmail.com,worker
402,Hollie,Amethist,Hollie.Amethist@yopmail.com,Hollie.Amethist@gmail.com,worker
403,Dominga,Morehouse,Dominga.Morehouse@yopmail.com,Dominga.Morehouse@gmail.com,worker
404,Gusella,Goerke,Gusella.Goerke@yopmail.com,Gusella.Goerke@gmail.com,firefighter
405,Caritta,Catie,Caritta.Catie@yopmail.com,Caritta.Catie@gmail.com,firefighter
406,Alisha,Ciro,Alisha.Ciro@yopmail.com,Alisha.Ciro@gmail.com,worker
407,Dorthy,Penelopa,Dorthy.Penelopa@yopmail.com,Dorthy.Penelopa@gmail.com,firefighter
408,Morganica,Euridice,Morganica.Euridice@yopmail.com,Morganica.Euridice@gmail.com,doctor
409,Kara-Lynn,Thomasina,Kara-Lynn.Thomasina@yopmail.com,Kara-Lynn.Thomasina@gmail.com,doctor
410,Dale,Zrike,Dale.Zrike@yopmail.com,Dale.Zrike@gmail.com,worker
411,Gaylene,Lamoree,Gaylene.Lamoree@yopmail.com,Gaylene.Lamoree@gmail.com,police officer
412,Babita,Salvidor,Babita.Salvidor@yopmail.com,Babita.Salvidor@gmail.com,police officer
413,Myrtice,Leonard,Myrtice.Leonard@yopmail.com,Myrtice.Leonard@gmail.com,developer
414,Catrina,Salchunas,Catrina.Salchunas@yopmail.com,Catrina.Salchunas@gmail.com,doctor
415,Elbertina,Pattin,Elbertina.Pattin@yopmail.com,Elbertina.Pattin@gmail.com,doctor
416,Dyann,Korey,Dyann.Korey@yopmail.com,Dyann.Korey@gmail.com,developer
417,Priscilla,Hedve,Priscilla.Hedve@yopmail.com,Priscilla.Hedve@gmail.com,firefighter
418,Anallese,Kronfeld,Anallese.Kronfeld@yopmail.com,Anallese.Kronfeld@gmail.com,doctor
419,Aili,Randene,Aili.Randene@yopmail.com,Aili.Randene@gmail.com,firefighter
420,Jacquetta,Abernon,Jacquetta.Abernon@yopmail.com,Jacquetta.Abernon@gmail.com,police officer
421,Sabina,Albertine,Sabina.Albertine@yopmail.com,Sabina.Albertine@gmail.com,police officer
422,Agnese,Friede,Agnese.Friede@yopmail.com,Agnese.Friede@gmail.com,worker
423,Ebonee,Lay,Ebonee.Lay@yopmail.com,Ebonee.Lay@gmail.com,doctor
424,Jerry,Clie,Jerry.Clie@yopmail.com,Jerry.Clie@gmail.com,police officer
425,Kayla,Hull,Kayla.Hull@yopmail.com,Kayla.Hull@gmail.com,developer
426,Ardeen,Fiann,Ardeen.Fiann@yopmail.com,Ardeen.Fiann@gmail.com,worker
427,Zaria,Annabella,Zaria.Annabella@yopmail.com,Zaria.Annabella@gmail.com,doctor
428,Nariko,Danby,Nariko.Danby@yopmail.com,Nariko.Danby@gmail.com,developer
429,Anestassia,Konyn,Anestassia.Konyn@yopmail.com,Anestassia.Konyn@gmail.com,worker
430,Justinn,Ophelia,Justinn.Ophelia@yopmail.com,Justinn.Ophelia@gmail.com,doctor
431,Carmela,Honoria,Carmela.Honoria@yopmail.com,Carmela.Honoria@gmail.com,worker
432,Ottilie,Koehler,Ottilie.Koehler@yopmail.com,Ottilie.Koehler@gmail.com,firefighter
433,Christian,Zamora,Christian.Zamora@yopmail.com,Christian.Zamora@gmail.com,firefighter
434,Margalo,Aaberg,Margalo.Aaberg@yopmail.com,Margalo.Aaberg@gmail.com,doctor
435,Paulita,Ochs,Paulita.Ochs@yopmail.com,Paulita.Ochs@gmail.com,police officer
436,Sonni,Thilda,Sonni.Thilda@yopmail.com,Sonni.Thilda@gmail.com,police officer
437,Aigneis,Mayeda,Aigneis.Mayeda@yopmail.com,Aigneis.Mayeda@gmail.com,firefighter
438,Cyndie,Callista,Cyndie.Callista@yopmail.com,Cyndie.Callista@gmail.com,doctor
439,Harrietta,Hazlett,Harrietta.Hazlett@yopmail.com,Harrietta.Hazlett@gmail.com,police officer
440,Asia,Fancie,Asia.Fancie@yopmail.com,Asia.Fancie@gmail.com,developer
441,Jobi,Viddah,Jobi.Viddah@yopmail.com,Jobi.Viddah@gmail.com,developer
442,Shauna,Gibbeon,Shauna.Gibbeon@yopmail.com,Shauna.Gibbeon@gmail.com,police officer
443,Nanete,Delila,Nanete.Delila@yopmail.com,Nanete.Delila@gmail.com,firefighter
444,Nonnah,Ogren,Nonnah.Ogren@yopmail.com,Nonnah.Ogren@gmail.com,police officer
445,Stevana,Joeann,Stevana.Joeann@yopmail.com,Stevana.Joeann@gmail.com,police officer
446,Fanchon,Wattenberg,Fanchon.Wattenberg@yopmail.com,Fanchon.Wattenberg@gmail.com,developer
447,Modestia,Cosenza,Modestia.Cosenza@yopmail.com,Modestia.Cosenza@gmail.com,doctor
448,Carmencita,Halla,Carmencita.Halla@yopmail.com,Carmencita.Halla@gmail.com,doctor
449,Vivia,Madelene,Vivia.Madelene@yopmail.com,Vivia.Madelene@gmail.com,worker
450,Maud,Nore,Maud.Nore@yopmail.com,Maud.Nore@gmail.com,doctor
451,Theodora,Karna,Theodora.Karna@yopmail.com,Theodora.Karna@gmail.com,developer
452,Lorne,Chaing,Lorne.Chaing@yopmail.com,Lorne.Chaing@gmail.com,worker
453,Arlena,Elvyn,Arlena.Elvyn@yopmail.com,Arlena.Elvyn@gmail.com,worker
454,Beth,Astra,Beth.Astra@yopmail.com,Beth.Astra@gmail.com,firefighter
455,Justinn,Bultman,Justinn.Bultman@yopmail.com,Justinn.Bultman@gmail.com,worker
456,Raina,Alabaster,Raina.Alabaster@yopmail.com,Raina.Alabaster@gmail.com,worker
457,Vevay,Virgin,Vevay.Virgin@yopmail.com,Vevay.Virgin@gmail.com,firefighter
458,Audrie,Helve,Audrie.Helve@yopmail.com,Audrie.Helve@gmail.com,doctor
459,Angela,Bord,Angela.Bord@yopmail.com,Angela.Bord@gmail.com,firefighter
460,Katuscha,Tamsky,Katuscha.Tamsky@yopmail.com,Katuscha.Tamsky@gmail.com,police officer
461,Fina,Kolnick,Fina.Kolnick@yopmail.com,Fina.Kolnick@gmail.com,developer
462,Fanchon,Brieta,Fanchon.Brieta@yopmail.com,Fanchon.Brieta@gmail.com,doctor
463,Andeee,Means,Andeee.Means@yopmail.com,Andeee.Means@gmail.com,worker
464,Ofilia,Roumell,Ofilia.Roumell@yopmail.com,Ofilia.Roumell@gmail.com,developer
465,Felice,Colp,Felice.Colp@yopmail.com,Felice.Colp@gmail.com,developer
466,Neila,Percy,Neila.Percy@yopmail.com,Neila.Percy@gmail.com,developer
467,Hermione,Fillbert,Hermione.Fillbert@yopmail.com,Hermione.Fillbert@gmail.com,developer
468,Alejandra,Peti,Alejandra.Peti@yopmail.com,Alejandra.Peti@gmail.com,doctor
469,Fayre,Bultman,Fayre.Bultman@yopmail.com,Fayre.Bultman@gmail.com,firefighter
470,Jobi,Demitria,Jobi.Demitria@yopmail.com,Jobi.Demitria@gmail.com,developer
471,Lyssa,MacIntosh,Lyssa.MacIntosh@yopmail.com,Lyssa.MacIntosh@gmail.com,worker
472,Gerrie,Karylin,Gerrie.Karylin@yopmail.com,Gerrie.Karylin@gmail.com,firefighter
473,Riannon,Salchunas,Riannon.Salchunas@yopmail.com,Riannon.Salchunas@gmail.com,worker
474,Lorenza,Gilbertson,Lorenza.Gilbertson@yopmail.com,Lorenza.Gilbertson@gmail.com,firefighter
475,Giustina,Hepsibah,Giustina.Hepsibah@yopmail.com,Giustina.Hepsibah@gmail.com,doctor
476,Vonny,Diogenes,Vonny.Diogenes@yopmail.com,Vonny.Diogenes@gmail.com,police officer
477,Tobe,Graig,Tobe.Graig@yopmail.com,Tobe.Graig@gmail.com,developer
478,Ingrid,Judye,Ingrid.Judye@yopmail.com,Ingrid.Judye@gmail.com,police officer
479,Constance,Pitt,Constance.Pitt@yopmail.com,Constance.Pitt@gmail.com,firefighter
480,Carly,Lubin,Carly.Lubin@yopmail.com,Carly.Lubin@gmail.com,developer
481,Hollie,Suanne,Hollie.Suanne@yopmail.com,Hollie.Suanne@gmail.com,police officer
482,Charmaine,Hollingsworth,Charmaine.Hollingsworth@yopmail.com,Charmaine.Hollingsworth@gmail.com,developer
483,Lorie,Cullin,Lorie.Cullin@yopmail.com,Lorie.Cullin@gmail.com,police officer
484,Rosene,Rozanna,Rosene.Rozanna@yopmail.com,Rosene.Rozanna@gmail.com,police officer
485,Ida,Lattie,Ida.Lattie@yopmail.com,Ida.Lattie@gmail.com,doctor
486,Linzy,Shields,Linzy.Shields@yopmail.com,Linzy.Shields@gmail.com,police officer
487,Nita,Cloris,Nita.Cloris@yopmail.com,Nita.Cloris@gmail.com,worker
488,Patricia,Emerson,Patricia.Emerson@yopmail.com,Patricia.Emerson@gmail.com,police officer
489,Gretal,Sharl,Gretal.Sharl@yopmail.com,Gretal.Sharl@gmail.com,doctor
490,Lilith,Lorenz,Lilith.Lorenz@yopmail.com,Lilith.Lorenz@gmail.com,worker
491,Darlleen,Vivle,Darlleen.Vivle@yopmail.com,Darlleen.Vivle@gmail.com,firefighter
492,Althea,Eno,Althea.Eno@yopmail.com,Althea.Eno@gmail.com,worker
493,Gwyneth,Pozzy,Gwyneth.Pozzy@yopmail.com,Gwyneth.Pozzy@gmail.com,firefighter
494,Elora,Fairweather,Elora.Fairweather@yopmail.com,Elora.Fairweather@gmail.com,developer
495,Kore,Destinee,Kore.Destinee@yopmail.com,Kore.Destinee@gmail.com,worker
496,Jessy,Secrest,Jessy.Secrest@yopmail.com,Jessy.Secrest@gmail.com,police officer
497,Amalie,Chabot,Amalie.Chabot@yopmail.com,Amalie.Chabot@gmail.com,doctor
498,Brana,Holtz,Brana.Holtz@yopmail.com,Brana.Holtz@gmail.com,doctor
499,Peri,Capello,Peri.Capello@yopmail.com,Peri.Capello@gmail.com,doctor
500,Chandra,Kronfeld,Chandra.Kronfeld@yopmail.com,Chandra.Kronfeld@gmail.com,police officer
501,Adele,Orelee,Adele.Orelee@yopmail.com,Adele.Orelee@gmail.com,firefighter
502,Kaia,Sherrie,Kaia.Sherrie@yopmail.com,Kaia.Sherrie@gmail.com,police officer
503,Agathe,Codding,Agathe.Codding@yopmail.com,Agathe.Codding@gmail.com,worker
504,Ulrike,Darian,Ulrike.Darian@yopmail.com,Ulrike.Darian@gmail.com,doctor
505,Sadie,Kinnard,Sadie.Kinnard@yopmail.com,Sadie.Kinnard@gmail.com,police officer
506,Michaelina,Florina,Michaelina.Florina@yopmail.com,Michaelina.Florina@gmail.com,firefighter
507,Gerianna,Hazlett,Gerianna.Hazlett@yopmail.com,Gerianna.Hazlett@gmail.com,developer
508,Danika,Means,Danika.Means@yopmail.com,Danika.Means@gmail.com,worker
509,Justinn,Revkah,Justinn.Revkah@yopmail.com,Justinn.Revkah@gmail.com,doctor
510,Aigneis,Rosette,Aigneis.Rosette@yopmail.com,Aigneis.Rosette@gmail.com,firefighter
511,Jsandye,Iaverne,Jsandye.Iaverne@yopmail.com,Jsandye.Iaverne@gmail.com,firefighter
512,Alex,Breed,Alex.Breed@yopmail.com,Alex.Breed@gmail.com,worker
513,Lonnie,Bendick,Lonnie.Bendick@yopmail.com,Lonnie.Bendick@gmail.com,worker
514,Georgetta,Willie,Georgetta.Willie@yopmail.com,Georgetta.Willie@gmail.com,doctor
515,Corene,Romelda,Corene.Romelda@yopmail.com,Corene.Romelda@gmail.com,police officer
516,Fayre,Avi,Fayre.Avi@yopmail.com,Fayre.Avi@gmail.com,doctor
517,Gerianna,Doig,Gerianna.Doig@yopmail.com,Gerianna.Doig@gmail.com,worker
518,Jenda,Christal,Jenda.Christal@yopmail.com,Jenda.Christal@gmail.com,police officer
519,Ulrike,Selway,Ulrike.Selway@yopmail.com,Ulrike.Selway@gmail.com,police officer
520,Judy,Andrel,Judy.Andrel@yopmail.com,Judy.Andrel@gmail.com,doctor
521,Jenda,Wilkinson,Jenda.Wilkinson@yopmail.com,Jenda.Wilkinson@gmail.com,developer
522,Ada,Emmy,Ada.Emmy@yopmail.com,Ada.Emmy@gmail.com,developer
523,Corene,MacIntosh,Corene.MacIntosh@yopmail.com,Corene.MacIntosh@gmail.com,police officer
524,Sashenka,Rosalba,Sashenka.Rosalba@yopmail.com,Sashenka.Rosalba@gmail.com,doctor
525,Tami,Nickola,Tami.Nickola@yopmail.com,Tami.Nickola@gmail.com,police officer
526,Karena,Diann,Karena.Diann@yopmail.com,Karena.Diann@gmail.com,police officer
527,Beverley,Constancy,Beverley.Constancy@yopmail.com,Beverley.Constancy@gmail.com,worker
528,Kate,Dawkins,Kate.Dawkins@yopmail.com,Kate.Dawkins@gmail.com,police officer
529,Elfreda,Delp,Elfreda.Delp@yopmail.com,Elfreda.Delp@gmail.com,worker
530,Brianna,Anyah,Brianna.Anyah@yopmail.com,Brianna.Anyah@gmail.com,police officer
531,Althea,Ax,Althea.Ax@yopmail.com,Althea.Ax@gmail.com,doctor
532,Jenilee,Nikaniki,Jenilee.Nikaniki@yopmail.com,Jenilee.Nikaniki@gmail.com,doctor
533,Addia,Blase,Addia.Blase@yopmail.com,Addia.Blase@gmail.com,doctor
534,Violet,Elo,Violet.Elo@yopmail.com,Violet.Elo@gmail.com,firefighter
535,Susan,Madelene,Susan.Madelene@yopmail.com,Susan.Madelene@gmail.com,firefighter
536,Vonny,Swigart,Vonny.Swigart@yopmail.com,Vonny.Swigart@gmail.com,worker
537,Rubie,Thomasina,Rubie.Thomasina@yopmail.com,Rubie.Thomasina@gmail.com,developer
538,Rebeca,Rillings,Rebeca.Rillings@yopmail.com,Rebeca.Rillings@gmail.com,doctor
539,Carlie,Medrek,Carlie.Medrek@yopmail.com,Carlie.Medrek@gmail.com,developer
540,Marnia,Pearse,Marnia.Pearse@yopmail.com,Marnia.Pearse@gmail.com,doctor
541,Heddie,Bettine,Heddie.Bettine@yopmail.com,Heddie.Bettine@gmail.com,firefighter
542,Tracey,Kristi,Tracey.Kristi@yopmail.com,Tracey.Kristi@gmail.com,developer
543,Nicoli,Toor,Nicoli.Toor@yopmail.com,Nicoli.Toor@gmail.com,firefighter
544,Sheelagh,Bigner,Sheelagh.Bigner@yopmail.com,Sheelagh.Bigner@gmail.com,doctor
545,Concettina,Geffner,Concettina.Geffner@yopmail.com,Concettina.Geffner@gmail.com,worker
546,Rubie,Henebry,Rubie.Henebry@yopmail.com,Rubie.Henebry@gmail.com,developer
547,Antonietta,Tayib,Antonietta.Tayib@yopmail.com,Antonietta.Tayib@gmail.com,worker
548,Ana,Fiester,Ana.Fiester@yopmail.com,Ana.Fiester@gmail.com,firefighter
549,Anallese,Burnside,Anallese.Burnside@yopmail.com,Anallese.Burnside@gmail.com,firefighter
550,Britni,Jobi,Britni.Jobi@yopmail.com,Britni.Jobi@gmail.com,doctor
551,Ebonee,My,Ebonee.My@yopmail.com,Ebonee.My@gmail.com,worker
552,Rhoda,Hourigan,Rhoda.Hourigan@yopmail.com,Rhoda.Hourigan@gmail.com,developer
553,Elora,Alwin,Elora.Alwin@yopmail.com,Elora.Alwin@gmail.com,doctor
554,Rubie,Stoller,Rubie.Stoller@yopmail.com,Rubie.Stoller@gmail.com,police officer
555,Jackie,Solitta,Jackie.Solitta@yopmail.com,Jackie.Solitta@gmail.com,police officer
556,Gwyneth,Zamora,Gwyneth.Zamora@yopmail.com,Gwyneth.Zamora@gmail.com,developer
557,Caryl,Lewes,Caryl.Lewes@yopmail.com,Caryl.Lewes@gmail.com,developer
558,Kary,Bivins,Kary.Bivins@yopmail.com,Kary.Bivins@gmail.com,developer
559,Valli,Whiffen,Valli.Whiffen@yopmail.com,Valli.Whiffen@gmail.com,firefighter
560,Blondelle,O'Rourke,Blondelle.O'Rourke@yopmail.com,Blondelle.O'Rourke@gmail.com,worker
561,Evaleen,Terencio,Evaleen.Terencio@yopmail.com,Evaleen.Terencio@gmail.com,worker
562,Olivette,McLaughlin,Olivette.McLaughlin@yopmail.com,Olivette.McLaughlin@gmail.com,developer
563,Olivette,Turne,Olivette.Turne@yopmail.com,Olivette.Turne@gmail.com,doctor
564,Amelia,Carvey,Amelia.Carvey@yopmail.com,Amelia.Carvey@gmail.com,worker
565,Codie,Gilmour,Codie.Gilmour@yopmail.com,Codie.Gilmour@gmail.com,doctor
566,Shaine,Ellerey,Shaine.Ellerey@yopmail.com,Shaine.Ellerey@gmail.com,developer
567,Lorie,Zrike,Lorie.Zrike@yopmail.com,Lorie.Zrike@gmail.com,police officer
568,Jessamyn,Casimir,Jessamyn.Casimir@yopmail.com,Jessamyn.Casimir@gmail.com,firefighter
569,Aimil,Blisse,Aimil.Blisse@yopmail.com,Aimil.Blisse@gmail.com,worker
570,Talya,Vary,Talya.Vary@yopmail.com,Talya.Vary@gmail.com,worker
571,Averyl,Morgun,Averyl.Morgun@yopmail.com,Averyl.Morgun@gmail.com,developer
572,Micheline,Ambrosia,Micheline.Ambrosia@yopmail.com,Micheline.Ambrosia@gmail.com,doctor
573,Carly,Wildermuth,Carly.Wildermuth@yopmail.com,Carly.Wildermuth@gmail.com,worker
574,Gisela,Ranjiv,Gisela.Ranjiv@yopmail.com,Gisela.Ranjiv@gmail.com,firefighter
575,Shell,Wolfgram,Shell.Wolfgram@yopmail.com,Shell.Wolfgram@gmail.com,worker
576,Carmela,Eckblad,Carmela.Eckblad@yopmail.com,Carmela.Eckblad@gmail.com,police officer
577,Rayna,Bates,Rayna.Bates@yopmail.com,Rayna.Bates@gmail.com,doctor
578,Cacilie,Abram,Cacilie.Abram@yopmail.com,Cacilie.Abram@gmail.com,doctor
579,Corry,Byrne,Corry.Byrne@yopmail.com,Corry.Byrne@gmail.com,police officer
580,Dale,Stevy,Dale.Stevy@yopmail.com,Dale.Stevy@gmail.com,developer
581,Joceline,Behre,Joceline.Behre@yopmail.com,Joceline.Behre@gmail.com,developer
582,Raquela,Vale,Raquela.Vale@yopmail.com,Raquela.Vale@gmail.com,worker
583,Donetta,Amadas,Donetta.Amadas@yopmail.com,Donetta.Amadas@gmail.com,developer
584,Alisha,Faro,Alisha.Faro@yopmail.com,Alisha.Faro@gmail.com,police officer
585,Gusella,Orelee,Gusella.Orelee@yopmail.com,Gusella.Orelee@gmail.com,police officer
586,Gloria,Vorster,Gloria.Vorster@yopmail.com,Gloria.Vorster@gmail.com,police officer
587,Agathe,Dahlia,Agathe.Dahlia@yopmail.com,Agathe.Dahlia@gmail.com,firefighter
588,Morganica,Bonilla,Morganica.Bonilla@yopmail.com,Morganica.Bonilla@gmail.com,firefighter
589,Inga,Nicoline,Inga.Nicoline@yopmail.com,Inga.Nicoline@gmail.com,firefighter
590,Pamella,Lacombe,Pamella.Lacombe@yopmail.com,Pamella.Lacombe@gmail.com,worker
591,Alex,Beebe,Alex.Beebe@yopmail.com,Alex.Beebe@gmail.com,developer
592,Yolane,Adore,Yolane.Adore@yopmail.com,Yolane.Adore@gmail.com,firefighter
593,Kathi,Willie,Kathi.Willie@yopmail.com,Kathi.Willie@gmail.com,doctor
594,Fernande,Nore,Fernande.Nore@yopmail.com,Fernande.Nore@gmail.com,worker
595,Ruthe,Cleo,Ruthe.Cleo@yopmail.com,Ruthe.Cleo@gmail.com,developer
596,Emma,Bearnard,Emma.Bearnard@yopmail.com,Emma.Bearnard@gmail.com,police officer
597,Teriann,Zachary,Teriann.Zachary@yopmail.com,Teriann.Zachary@gmail.com,worker
598,Anica,Bahr,Anica.Bahr@yopmail.com,Anica.Bahr@gmail.com,police officer
599,Cissiee,Clywd,Cissiee.Clywd@yopmail.com,Cissiee.Clywd@gmail.com,worker
600,Vere,Honoria,Vere.Honoria@yopmail.com,Vere.Honoria@gmail.com,firefighter
601,Corina,Eugenia,Corina.Eugenia@yopmail.com,Corina.Eugenia@gmail.com,developer
602,Selia,Scammon,Selia.Scammon@yopmail.com,Selia.Scammon@gmail.com,police officer
603,Jorry,Kalinda,Jorry.Kalinda@yopmail.com,Jorry.Kalinda@gmail.com,firefighter
604,Louella,Brandice,Louella.Brandice@yopmail.com,Louella.Brandice@gmail.com,doctor
605,Yetty,Sasnett,Yetty.Sasnett@yopmail.com,Yetty.Sasnett@gmail.com,worker
606,Dianemarie,Jammal,Dianemarie.Jammal@yopmail.com,Dianemarie.Jammal@gmail.com,developer
607,Mara,Chaing,Mara.Chaing@yopmail.com,Mara.Chaing@gmail.com,developer
608,Ginnie,Hurley,Ginnie.Hurley@yopmail.com,Ginnie.Hurley@gmail.com,worker
609,Kristan,Khorma,Kristan.Khorma@yopmail.com,Kristan.Khorma@gmail.com,developer
610,Chloris,Goth,Chloris.Goth@yopmail.com,Chloris.Goth@gmail.com,developer
611,Marsiella,Olympium,Marsiella.Olympium@yopmail.com,Marsiella.Olympium@gmail.com,developer
612,Alia,Cottle,Alia.Cottle@yopmail.com,Alia.Cottle@gmail.com,police officer
613,Genevra,Nikaniki,Genevra.Nikaniki@yopmail.com,Genevra.Nikaniki@gmail.com,firefighter
614,Lexine,Karl,Lexine.Karl@yopmail.com,Lexine.Karl@gmail.com,police officer
615,Paule,Gerge,Paule.Gerge@yopmail.com,Paule.Gerge@gmail.com,police officer
616,Marinna,Irmine,Marinna.Irmine@yopmail.com,Marinna.Irmine@gmail.com,police officer
617,Ada,Talia,Ada.Talia@yopmail.com,Ada.Talia@gmail.com,police officer
618,Phedra,Ilka,Phedra.Ilka@yopmail.com,Phedra.Ilka@gmail.com,firefighter
619,Daune,Nedrud,Daune.Nedrud@yopmail.com,Daune.Nedrud@gmail.com,firefighter
620,Chastity,Thilda,Chastity.Thilda@yopmail.com,Chastity.Thilda@gmail.com,doctor
621,Jorry,Parette,Jorry.Parette@yopmail.com,Jorry.Parette@gmail.com,police officer
622,Allis,Belanger,Allis.Belanger@yopmail.com,Allis.Belanger@gmail.com,doctor
623,Audrie,Esmaria,Audrie.Esmaria@yopmail.com,Audrie.Esmaria@gmail.com,firefighter
624,Doralynne,Fairweather,Doralynne.Fairweather@yopmail.com,Doralynne.Fairweather@gmail.com,police officer
625,Darci,An,Darci.An@yopmail.com,Darci.An@gmail.com,police officer
626,Miquela,Joni,Miquela.Joni@yopmail.com,Miquela.Joni@gmail.com,doctor
627,Sadie,Ventre,Sadie.Ventre@yopmail.com,Sadie.Ventre@gmail.com,developer
628,Minda,Dawkins,Minda.Dawkins@yopmail.com,Minda.Dawkins@gmail.com,firefighter
629,Amelia,Byrne,Amelia.Byrne@yopmail.com,Amelia.Byrne@gmail.com,worker
630,Benita,Devlen,Benita.Devlen@yopmail.com,Benita.Devlen@gmail.com,police officer
631,Brena,Presber,Brena.Presber@yopmail.com,Brena.Presber@gmail.com,doctor
632,Renie,Blake,Renie.Blake@yopmail.com,Renie.Blake@gmail.com,doctor
633,Korrie,Yate,Korrie.Yate@yopmail.com,Korrie.Yate@gmail.com,developer
634,Gale,Penelopa,Gale.Penelopa@yopmail.com,Gale.Penelopa@gmail.com,worker
635,Cristabel,Parsaye,Cristabel.Parsaye@yopmail.com,Cristabel.Parsaye@gmail.com,police officer
636,Hyacinthe,Moina,Hyacinthe.Moina@yopmail.com,Hyacinthe.Moina@gmail.com,firefighter
637,Florencia,Fry,Florencia.Fry@yopmail.com,Florencia.Fry@gmail.com,doctor
638,Kara-Lynn,Raul,Kara-Lynn.Raul@yopmail.com,Kara-Lynn.Raul@gmail.com,police officer
639,Ebonee,Milson,Ebonee.Milson@yopmail.com,Ebonee.Milson@gmail.com,police officer
640,Chrystel,Hessler,Chrystel.Hessler@yopmail.com,Chrystel.Hessler@gmail.com,police officer
641,Tami,Bigner,Tami.Bigner@yopmail.com,Tami.Bigner@gmail.com,police officer
642,Cecile,Lewes,Cecile.Lewes@yopmail.com,Cecile.Lewes@gmail.com,developer
643,Fred,Ader,Fred.Ader@yopmail.com,Fred.Ader@gmail.com,doctor
644,Hildegaard,Hollingsworth,Hildegaard.Hollingsworth@yopmail.com,Hildegaard.Hollingsworth@gmail.com,worker
645,Harmonia,Kiyoshi,Harmonia.Kiyoshi@yopmail.com,Harmonia.Kiyoshi@gmail.com,police officer
646,Raquela,Lynn,Raquela.Lynn@yopmail.com,Raquela.Lynn@gmail.com,developer
647,Netty,Fink,Netty.Fink@yopmail.com,Netty.Fink@gmail.com,police officer
648,Malina,Braun,Malina.Braun@yopmail.com,Malina.Braun@gmail.com,police officer
649,Kathy,Goode,Kathy.Goode@yopmail.com,Kathy.Goode@gmail.com,doctor
650,Berta,Tremayne,Berta.Tremayne@yopmail.com,Berta.Tremayne@gmail.com,firefighter
651,Adele,Raimondo,Adele.Raimondo@yopmail.com,Adele.Raimondo@gmail.com,police officer
652,Gilda,Ventre,Gilda.Ventre@yopmail.com,Gilda.Ventre@gmail.com,doctor
653,Collen,Dorothy,Collen.Dorothy@yopmail.com,Collen.Dorothy@gmail.com,firefighter
654,Britte,Rossner,Britte.Rossner@yopmail.com,Britte.Rossner@gmail.com,doctor
655,Giustina,Peg,Giustina.Peg@yopmail.com,Giustina.Peg@gmail.com,firefighter
656,Blake,Allare,Blake.Allare@yopmail.com,Blake.Allare@gmail.com,firefighter
657,Amelia,Naor,Amelia.Naor@yopmail.com,Amelia.Naor@gmail.com,worker
658,Emylee,Allys,Emylee.Allys@yopmail.com,Emylee.Allys@gmail.com,firefighter
659,Annora,Vacuva,Annora.Vacuva@yopmail.com,Annora.Vacuva@gmail.com,firefighter
660,Helsa,Doig,Helsa.Doig@yopmail.com,Helsa.Doig@gmail.com,developer
661,Glynnis,Birdella,Glynnis.Birdella@yopmail.com,Glynnis.Birdella@gmail.com,worker
662,Madeleine,Pauly,Madeleine.Pauly@yopmail.com,Madeleine.Pauly@gmail.com,worker
663,Dennie,Peg,Dennie.Peg@yopmail.com,Dennie.Peg@gmail.com,doctor
664,Althea,Haerr,Althea.Haerr@yopmail.com,Althea.Haerr@gmail.com,developer
665,Emma,Elvyn,Emma.Elvyn@yopmail.com,Emma.Elvyn@gmail.com,doctor
666,Gaylene,Sallyann,Gaylene.Sallyann@yopmail.com,Gaylene.Sallyann@gmail.com,worker
667,Emilia,Vivle,Emilia.Vivle@yopmail.com,Emilia.Vivle@gmail.com,developer
668,Amalie,Harday,Amalie.Harday@yopmail.com,Amalie.Harday@gmail.com,police officer
669,Amelia,Azeria,Amelia.Azeria@yopmail.com,Amelia.Azeria@gmail.com,police officer
670,Karlee,Odell,Karlee.Odell@yopmail.com,Karlee.Odell@gmail.com,developer
671,Valli,Monk,Valli.Monk@yopmail.com,Valli.Monk@gmail.com,worker
672,Robinia,Martguerita,Robinia.Martguerita@yopmail.com,Robinia.Martguerita@gmail.com,police officer
673,Quintina,Ursulette,Quintina.Ursulette@yopmail.com,Quintina.Ursulette@gmail.com,doctor
674,Frank,Vivle,Frank.Vivle@yopmail.com,Frank.Vivle@gmail.com,developer
675,Latisha,McGrody,Latisha.McGrody@yopmail.com,Latisha.McGrody@gmail.com,worker
676,Melisent,Gordon,Melisent.Gordon@yopmail.com,Melisent.Gordon@gmail.com,developer
677,Gui,Kiersten,Gui.Kiersten@yopmail.com,Gui.Kiersten@gmail.com,firefighter
678,Verla,Cimbura,Verla.Cimbura@yopmail.com,Verla.Cimbura@gmail.com,doctor
679,Aeriela,Nerita,Aeriela.Nerita@yopmail.com,Aeriela.Nerita@gmail.com,developer
680,Justinn,Callista,Justinn.Callista@yopmail.com,Justinn.Callista@gmail.com,worker
681,Charissa,Eldrid,Charissa.Eldrid@yopmail.com,Charissa.Eldrid@gmail.com,doctor
682,Dorthy,Carvey,Dorthy.Carvey@yopmail.com,Dorthy.Carvey@gmail.com,firefighter
683,Leia,Rillings,Leia.Rillings@yopmail.com,Leia.Rillings@gmail.com,doctor
684,Albertina,Poppy,Albertina.Poppy@yopmail.com,Albertina.Poppy@gmail.com,firefighter
685,Teriann,Blase,Teriann.Blase@yopmail.com,Teriann.Blase@gmail.com,doctor
686,Madelle,Darian,Madelle.Darian@yopmail.com,Madelle.Darian@gmail.com,doctor
687,Priscilla,Allina,Priscilla.Allina@yopmail.com,Priscilla.Allina@gmail.com,doctor
688,Karolina,Dearborn,Karolina.Dearborn@yopmail.com,Karolina.Dearborn@gmail.com,police officer
689,Xylina,Wallis,Xylina.Wallis@yopmail.com,Xylina.Wallis@gmail.com,worker
690,Adriana,Candy,Adriana.Candy@yopmail.com,Adriana.Candy@gmail.com,developer
691,Clementine,Stuart,Clementine.Stuart@yopmail.com,Clementine.Stuart@gmail.com,firefighter
692,Layla,Bohlin,Layla.Bohlin@yopmail.com,Layla.Bohlin@gmail.com,doctor
693,Nanete,Maribeth,Nanete.Maribeth@yopmail.com,Nanete.Maribeth@gmail.com,firefighter
694,Gwenneth,Joli,Gwenneth.Joli@yopmail.com,Gwenneth.Joli@gmail.com,developer
695,Nessie,Pulsifer,Nessie.Pulsifer@yopmail.com,Nessie.Pulsifer@gmail.com,developer
696,Daune,Talia,Daune.Talia@yopmail.com,Daune.Talia@gmail.com,developer
697,Malina,Rodmann,Malina.Rodmann@yopmail.com,Malina.Rodmann@gmail.com,firefighter
698,Eve,Dom,Eve.Dom@yopmail.com,Eve.Dom@gmail.com,doctor
699,Odessa,Isacco,Odessa.Isacco@yopmail.com,Odessa.Isacco@gmail.com,developer
700,Teddie,Huggins,Teddie.Huggins@yopmail.com,Teddie.Huggins@gmail.com,firefighter
701,Ira,Vivle,Ira.Vivle@yopmail.com,Ira.Vivle@gmail.com,firefighter
702,Brietta,Flyn,Brietta.Flyn@yopmail.com,Brietta.Flyn@gmail.com,developer
703,Josephine,Boycey,Josephine.Boycey@yopmail.com,Josephine.Boycey@gmail.com,developer
704,Libbie,Junie,Libbie.Junie@yopmail.com,Libbie.Junie@gmail.com,doctor
705,Nadine,Corilla,Nadine.Corilla@yopmail.com,Nadine.Corilla@gmail.com,doctor
706,Vonny,Hunfredo,Vonny.Hunfredo@yopmail.com,Vonny.Hunfredo@gmail.com,firefighter
707,Veda,Wittie,Veda.Wittie@yopmail.com,Veda.Wittie@gmail.com,firefighter
708,Dominga,Briney,Dominga.Briney@yopmail.com,Dominga.Briney@gmail.com,firefighter
709,Beatriz,Baudin,Beatriz.Baudin@yopmail.com,Beatriz.Baudin@gmail.com,doctor
710,Brooks,Kalinda,Brooks.Kalinda@yopmail.com,Brooks.Kalinda@gmail.com,police officer
711,Fayre,Ashok,Fayre.Ashok@yopmail.com,Fayre.Ashok@gmail.com,worker
712,Carolina,Eachern,Carolina.Eachern@yopmail.com,Carolina.Eachern@gmail.com,police officer
713,Raina,Martsen,Raina.Martsen@yopmail.com,Raina.Martsen@gmail.com,police officer
714,Elena,Joeann,Elena.Joeann@yopmail.com,Elena.Joeann@gmail.com,police officer
715,Lenna,Bobbee,Lenna.Bobbee@yopmail.com,Lenna.Bobbee@gmail.com,worker
716,Katharina,Phi,Katharina.Phi@yopmail.com,Katharina.Phi@gmail.com,police officer
717,Karina,Gherardo,Karina.Gherardo@yopmail.com,Karina.Gherardo@gmail.com,firefighter
718,Jackie,Florina,Jackie.Florina@yopmail.com,Jackie.Florina@gmail.com,police officer
719,Margette,Neva,Margette.Neva@yopmail.com,Margette.Neva@gmail.com,developer
720,Joleen,Helve,Joleen.Helve@yopmail.com,Joleen.Helve@gmail.com,doctor
721,Zsa Zsa,Marden,Zsa Zsa.Marden@yopmail.com,Zsa Zsa.Marden@gmail.com,developer
722,Marline,Weide,Marline.Weide@yopmail.com,Marline.Weide@gmail.com,developer
723,Dari,Carri,Dari.Carri@yopmail.com,Dari.Carri@gmail.com,doctor
724,Carmencita,Korey,Carmencita.Korey@yopmail.com,Carmencita.Korey@gmail.com,firefighter
725,Wynne,Calhoun,Wynne.Calhoun@yopmail.com,Wynne.Calhoun@gmail.com,police officer
726,Larine,Demitria,Larine.Demitria@yopmail.com,Larine.Demitria@gmail.com,worker
727,Tierney,Hillel,Tierney.Hillel@yopmail.com,Tierney.Hillel@gmail.com,developer
728,Christy,Germann,Christy.Germann@yopmail.com,Christy.Germann@gmail.com,firefighter
729,Dacia,Bibi,Dacia.Bibi@yopmail.com,Dacia.Bibi@gmail.com,firefighter
730,Kristan,Bluh,Kristan.Bluh@yopmail.com,Kristan.Bluh@gmail.com,doctor
731,Cacilie,Bartlett,Cacilie.Bartlett@yopmail.com,Cacilie.Bartlett@gmail.com,firefighter
732,Rochette,Kinnard,Rochette.Kinnard@yopmail.com,Rochette.Kinnard@gmail.com,firefighter
733,Ruthe,Dulciana,Ruthe.Dulciana@yopmail.com,Ruthe.Dulciana@gmail.com,developer
734,Karlee,Wilona,Karlee.Wilona@yopmail.com,Karlee.Wilona@gmail.com,doctor
735,Anica,Jehu,Anica.Jehu@yopmail.com,Anica.Jehu@gmail.com,firefighter
736,Riannon,Anselmi,Riannon.Anselmi@yopmail.com,Riannon.Anselmi@gmail.com,police officer
737,Oona,Afton,Oona.Afton@yopmail.com,Oona.Afton@gmail.com,developer
738,Consuela,Dituri,Consuela.Dituri@yopmail.com,Consuela.Dituri@gmail.com,police officer
739,Andeee,Rocray,Andeee.Rocray@yopmail.com,Andeee.Rocray@gmail.com,developer
740,Lynea,Sadowski,Lynea.Sadowski@yopmail.com,Lynea.Sadowski@gmail.com,developer
741,Dyann,Casimir,Dyann.Casimir@yopmail.com,Dyann.Casimir@gmail.com,worker
742,Gale,Bultman,Gale.Bultman@yopmail.com,Gale.Bultman@gmail.com,worker
743,Charmaine,Radu,Charmaine.Radu@yopmail.com,Charmaine.Radu@gmail.com,firefighter
744,Berget,Alrich,Berget.Alrich@yopmail.com,Berget.Alrich@gmail.com,firefighter
745,Edyth,Michella,Edyth.Michella@yopmail.com,Edyth.Michella@gmail.com,police officer
746,Penelopa,Malina,Penelopa.Malina@yopmail.com,Penelopa.Malina@gmail.com,worker
747,Jackie,Gregrory,Jackie.Gregrory@yopmail.com,Jackie.Gregrory@gmail.com,developer
748,Tarra,Nahum,Tarra.Nahum@yopmail.com,Tarra.Nahum@gmail.com,developer
749,Viviene,Isacco,Viviene.Isacco@yopmail.com,Viviene.Isacco@gmail.com,police officer
750,Inga,Carvey,Inga.Carvey@yopmail.com,Inga.Carvey@gmail.com,police officer
751,Orsola,Voletta,Orsola.Voletta@yopmail.com,Orsola.Voletta@gmail.com,police officer
752,Margette,Cecile,Margette.Cecile@yopmail.com,Margette.Cecile@gmail.com,doctor
753,Viviene,Levey,Viviene.Levey@yopmail.com,Viviene.Levey@gmail.com,worker
754,Daune,Brenn,Daune.Brenn@yopmail.com,Daune.Brenn@gmail.com,developer
755,Kalina,Ruvolo,Kalina.Ruvolo@yopmail.com,Kalina.Ruvolo@gmail.com,developer
756,Hyacinthe,Erminia,Hyacinthe.Erminia@yopmail.com,Hyacinthe.Erminia@gmail.com,worker
757,Norine,Andrel,Norine.Andrel@yopmail.com,Norine.Andrel@gmail.com,police officer
758,Caritta,Roumell,Caritta.Roumell@yopmail.com,Caritta.Roumell@gmail.com,worker
759,Corene,Ricarda,Corene.Ricarda@yopmail.com,Corene.Ricarda@gmail.com,police officer
760,Roslyn,Helfand,Roslyn.Helfand@yopmail.com,Roslyn.Helfand@gmail.com,police officer
761,Violet,Chem,Violet.Chem@yopmail.com,Violet.Chem@gmail.com,police officer
762,Nessie,Socha,Nessie.Socha@yopmail.com,Nessie.Socha@gmail.com,doctor
763,Ariela,Syd,Ariela.Syd@yopmail.com,Ariela.Syd@gmail.com,doctor
764,Steffane,Grosz,Steffane.Grosz@yopmail.com,Steffane.Grosz@gmail.com,firefighter
765,Stephanie,Jacinda,Stephanie.Jacinda@yopmail.com,Stephanie.Jacinda@gmail.com,developer
766,Janis,Giff,Janis.Giff@yopmail.com,Janis.Giff@gmail.com,developer
767,Berta,Ailyn,Berta.Ailyn@yopmail.com,Berta.Ailyn@gmail.com,police officer
768,Emilia,Redmond,Emilia.Redmond@yopmail.com,Emilia.Redmond@gmail.com,firefighter
769,Judy,Narton,Judy.Narton@yopmail.com,Judy.Narton@gmail.com,worker
770,Wanda,Warthman,Wanda.Warthman@yopmail.com,Wanda.Warthman@gmail.com,developer
771,Aurelie,Peonir,Aurelie.Peonir@yopmail.com,Aurelie.Peonir@gmail.com,worker
772,Doro,Love,Doro.Love@yopmail.com,Doro.Love@gmail.com,worker
773,Roberta,Septima,Roberta.Septima@yopmail.com,Roberta.Septima@gmail.com,firefighter
774,Mariann,Cherianne,Mariann.Cherianne@yopmail.com,Mariann.Cherianne@gmail.com,firefighter
775,Jasmina,Keily,Jasmina.Keily@yopmail.com,Jasmina.Keily@gmail.com,developer
776,Loree,Dawkins,Loree.Dawkins@yopmail.com,Loree.Dawkins@gmail.com,developer
777,Chrystel,Jess,Chrystel.Jess@yopmail.com,Chrystel.Jess@gmail.com,firefighter
778,Chastity,Paine,Chastity.Paine@yopmail.com,Chastity.Paine@gmail.com,developer
779,Kathy,Tristram,Kathy.Tristram@yopmail.com,Kathy.Tristram@gmail.com,developer
780,Rani,Corilla,Rani.Corilla@yopmail.com,Rani.Corilla@gmail.com,worker
781,Cyb,Bandeen,Cyb.Bandeen@yopmail.com,Cyb.Bandeen@gmail.com,doctor
782,Livvyy,Dawkins,Livvyy.Dawkins@yopmail.com,Livvyy.Dawkins@gmail.com,firefighter
783,Dominga,Stoller,Dominga.Stoller@yopmail.com,Dominga.Stoller@gmail.com,worker
784,Kamilah,Huggins,Kamilah.Huggins@yopmail.com,Kamilah.Huggins@gmail.com,worker
785,Marita,Boehike,Marita.Boehike@yopmail.com,Marita.Boehike@gmail.com,worker
786,Ekaterina,O'Rourke,Ekaterina.O'Rourke@yopmail.com,Ekaterina.O'Rourke@gmail.com,police officer
787,Karlee,Audly,Karlee.Audly@yopmail.com,Karlee.Audly@gmail.com,doctor
788,Nannie,Valoniah,Nannie.Valoniah@yopmail.com,Nannie.Valoniah@gmail.com,police officer
789,Kara-Lynn,Eno,Kara-Lynn.Eno@yopmail.com,Kara-Lynn.Eno@gmail.com,developer
790,Kary,Warthman,Kary.Warthman@yopmail.com,Kary.Warthman@gmail.com,firefighter
791,Angela,Gaynor,Angela.Gaynor@yopmail.com,Angela.Gaynor@gmail.com,police officer
792,Rosaline,Selway,Rosaline.Selway@yopmail.com,Rosaline.Selway@gmail.com,doctor
793,Mathilda,Connelly,Mathilda.Connelly@yopmail.com,Mathilda.Connelly@gmail.com,police officer
794,Fanchon,Xerxes,Fanchon.Xerxes@yopmail.com,Fanchon.Xerxes@gmail.com,developer
795,Ilse,Love,Ilse.Love@yopmail.com,Ilse.Love@gmail.com,police officer
796,Tracey,Rozanna,Tracey.Rozanna@yopmail.com,Tracey.Rozanna@gmail.com,police officer
797,Tilly,Verger,Tilly.Verger@yopmail.com,Tilly.Verger@gmail.com,developer
798,Janenna,Zeeba,Janenna.Zeeba@yopmail.com,Janenna.Zeeba@gmail.com,doctor
799,Lizzie,Sasnett,Lizzie.Sasnett@yopmail.com,Lizzie.Sasnett@gmail.com,doctor
800,Elie,Sadowski,Elie.Sadowski@yopmail.com,Elie.Sadowski@gmail.com,police officer
801,Angela,Faust,Angela.Faust@yopmail.com,Angela.Faust@gmail.com,worker
802,Dennie,Tyson,Dennie.Tyson@yopmail.com,Dennie.Tyson@gmail.com,developer
803,Kerrin,Madaih,Kerrin.Madaih@yopmail.com,Kerrin.Madaih@gmail.com,police officer
804,Konstance,Malvino,Konstance.Malvino@yopmail.com,Konstance.Malvino@gmail.com,firefighter
805,Carmencita,Ummersen,Carmencita.Ummersen@yopmail.com,Carmencita.Ummersen@gmail.com,doctor
806,Eolanda,Norrie,Eolanda.Norrie@yopmail.com,Eolanda.Norrie@gmail.com,doctor
807,Elvira,Bibi,Elvira.Bibi@yopmail.com,Elvira.Bibi@gmail.com,police officer
808,Dode,Leonard,Dode.Leonard@yopmail.com,Dode.Leonard@gmail.com,firefighter
809,Margarette,Roarke,Margarette.Roarke@yopmail.com,Margarette.Roarke@gmail.com,police officer
810,Ketti,Noelyn,Ketti.Noelyn@yopmail.com,Ketti.Noelyn@gmail.com,police officer
811,Kelly,Wolfgram,Kelly.Wolfgram@yopmail.com,Kelly.Wolfgram@gmail.com,worker
812,Fernande,Jess,Fernande.Jess@yopmail.com,Fernande.Jess@gmail.com,firefighter
813,Sheelagh,Korey,Sheelagh.Korey@yopmail.com,Sheelagh.Korey@gmail.com,doctor
814,Nita,Papageno,Nita.Papageno@yopmail.com,Nita.Papageno@gmail.com,developer
815,Petronia,Arathorn,Petronia.Arathorn@yopmail.com,Petronia.Arathorn@gmail.com,doctor
816,Sara-Ann,Fax,Sara-Ann.Fax@yopmail.com,Sara-Ann.Fax@gmail.com,firefighter
817,Jillayne,Hoban,Jillayne.Hoban@yopmail.com,Jillayne.Hoban@gmail.com,developer
818,Cam,Audly,Cam.Audly@yopmail.com,Cam.Audly@gmail.com,doctor
819,Constance,Modie,Constance.Modie@yopmail.com,Constance.Modie@gmail.com,firefighter
820,Dulcinea,Malina,Dulcinea.Malina@yopmail.com,Dulcinea.Malina@gmail.com,worker
821,Perry,Havens,Perry.Havens@yopmail.com,Perry.Havens@gmail.com,firefighter
822,Lonnie,Wenda,Lonnie.Wenda@yopmail.com,Lonnie.Wenda@gmail.com,police officer
823,Jackie,Means,Jackie.Means@yopmail.com,Jackie.Means@gmail.com,firefighter
824,Agathe,Tillford,Agathe.Tillford@yopmail.com,Agathe.Tillford@gmail.com,worker
825,Lynnea,Carmena,Lynnea.Carmena@yopmail.com,Lynnea.Carmena@gmail.com,firefighter
826,Tersina,Rubie,Tersina.Rubie@yopmail.com,Tersina.Rubie@gmail.com,worker
827,Ida,Winthorpe,Ida.Winthorpe@yopmail.com,Ida.Winthorpe@gmail.com,police officer
828,Correy,Edison,Correy.Edison@yopmail.com,Correy.Edison@gmail.com,doctor
829,Hannis,Llovera,Hannis.Llovera@yopmail.com,Hannis.Llovera@gmail.com,doctor
830,Marylou,Sandye,Marylou.Sandye@yopmail.com,Marylou.Sandye@gmail.com,police officer
831,Nadine,Cullin,Nadine.Cullin@yopmail.com,Nadine.Cullin@gmail.com,doctor
832,Brana,Fontana,Brana.Fontana@yopmail.com,Brana.Fontana@gmail.com,doctor
833,Regina,Chick,Regina.Chick@yopmail.com,Regina.Chick@gmail.com,firefighter
834,Jinny,Arathorn,Jinny.Arathorn@yopmail.com,Jinny.Arathorn@gmail.com,developer
835,Wileen,Maurine,Wileen.Maurine@yopmail.com,Wileen.Maurine@gmail.com,police officer
836,Wileen,Delacourt,Wileen.Delacourt@yopmail.com,Wileen.Delacourt@gmail.com,firefighter
837,Wynne,Chaing,Wynne.Chaing@yopmail.com,Wynne.Chaing@gmail.com,worker
838,Melodie,Madelene,Melodie.Madelene@yopmail.com,Melodie.Madelene@gmail.com,doctor
839,Moyna,Eckblad,Moyna.Eckblad@yopmail.com,Moyna.Eckblad@gmail.com,worker
840,Joy,Magdalen,Joy.Magdalen@yopmail.com,Joy.Magdalen@gmail.com,firefighter
841,Gianina,Chauncey,Gianina.Chauncey@yopmail.com,Gianina.Chauncey@gmail.com,developer
842,Ricky,Terencio,Ricky.Terencio@yopmail.com,Ricky.Terencio@gmail.com,doctor
843,Perry,Annice,Perry.Annice@yopmail.com,Perry.Annice@gmail.com,developer
844,Di,Heidt,Di.Heidt@yopmail.com,Di.Heidt@gmail.com,doctor
845,Sara-Ann,Bollay,Sara-Ann.Bollay@yopmail.com,Sara-Ann.Bollay@gmail.com,worker
846,Tierney,Kenney,Tierney.Kenney@yopmail.com,Tierney.Kenney@gmail.com,developer
847,Joane,Evvie,Joane.Evvie@yopmail.com,Joane.Evvie@gmail.com,worker
848,Meghann,Kenwood,Meghann.Kenwood@yopmail.com,Meghann.Kenwood@gmail.com,police officer
849,Bernie,Mendez,Bernie.Mendez@yopmail.com,Bernie.Mendez@gmail.com,firefighter
850,Regina,Aldric,Regina.Aldric@yopmail.com,Regina.Aldric@gmail.com,police officer
851,Kirbee,Norrie,Kirbee.Norrie@yopmail.com,Kirbee.Norrie@gmail.com,police officer
852,Aubrie,Mike,Aubrie.Mike@yopmail.com,Aubrie.Mike@gmail.com,developer
853,Tera,Selway,Tera.Selway@yopmail.com,Tera.Selway@gmail.com,firefighter
854,Willetta,Emanuel,Willetta.Emanuel@yopmail.com,Willetta.Emanuel@gmail.com,doctor
855,Starla,Lory,Starla.Lory@yopmail.com,Starla.Lory@gmail.com,worker
856,Tilly,Malvino,Tilly.Malvino@yopmail.com,Tilly.Malvino@gmail.com,developer
857,Marita,O'Neill,Marita.O'Neill@yopmail.com,Marita.O'Neill@gmail.com,police officer
858,Aryn,Eckblad,Aryn.Eckblad@yopmail.com,Aryn.Eckblad@gmail.com,firefighter
859,Kerrin,Sigfrid,Kerrin.Sigfrid@yopmail.com,Kerrin.Sigfrid@gmail.com,worker
860,Winny,Harriman,Winny.Harriman@yopmail.com,Winny.Harriman@gmail.com,police officer
861,Carilyn,Lesley,Carilyn.Lesley@yopmail.com,Carilyn.Lesley@gmail.com,worker
862,Mariele,Amadas,Mariele.Amadas@yopmail.com,Mariele.Amadas@gmail.com,developer
863,Mallory,Dash,Mallory.Dash@yopmail.com,Mallory.Dash@gmail.com,developer
864,Binny,Dichy,Binny.Dichy@yopmail.com,Binny.Dichy@gmail.com,police officer
865,Arlena,Sothena,Arlena.Sothena@yopmail.com,Arlena.Sothena@gmail.com,doctor
866,Andeee,Idelia,Andeee.Idelia@yopmail.com,Andeee.Idelia@gmail.com,firefighter
867,Glynnis,Alva,Glynnis.Alva@yopmail.com,Glynnis.Alva@gmail.com,firefighter
868,Bibby,Merell,Bibby.Merell@yopmail.com,Bibby.Merell@gmail.com,firefighter
869,Suzette,Vale,Suzette.Vale@yopmail.com,Suzette.Vale@gmail.com,firefighter
870,Konstance,Randene,Konstance.Randene@yopmail.com,Konstance.Randene@gmail.com,developer
871,Modestia,Dash,Modestia.Dash@yopmail.com,Modestia.Dash@gmail.com,police officer
872,Queenie,Annabella,Queenie.Annabella@yopmail.com,Queenie.Annabella@gmail.com,worker
873,Genevra,Simmonds,Genevra.Simmonds@yopmail.com,Genevra.Simmonds@gmail.com,firefighter
874,Marsiella,Soneson,Marsiella.Soneson@yopmail.com,Marsiella.Soneson@gmail.com,police officer
875,Neila,Keelia,Neila.Keelia@yopmail.com,Neila.Keelia@gmail.com,developer
876,Fayre,LaRue,Fayre.LaRue@yopmail.com,Fayre.LaRue@gmail.com,doctor
877,Cathyleen,Vastah,Cathyleen.Vastah@yopmail.com,Cathyleen.Vastah@gmail.com,doctor
878,Brooks,Orelee,Brooks.Orelee@yopmail.com,Brooks.Orelee@gmail.com,doctor
879,Petronia,Forrer,Petronia.Forrer@yopmail.com,Petronia.Forrer@gmail.com,worker
880,Dacia,Kannry,Dacia.Kannry@yopmail.com,Dacia.Kannry@gmail.com,doctor
881,Gianina,Douglass,Gianina.Douglass@yopmail.com,Gianina.Douglass@gmail.com,doctor
882,Blondelle,Saunderson,Blondelle.Saunderson@yopmail.com,Blondelle.Saunderson@gmail.com,doctor
883,Florie,Riordan,Florie.Riordan@yopmail.com,Florie.Riordan@gmail.com,developer
884,Elise,Hutchison,Elise.Hutchison@yopmail.com,Elise.Hutchison@gmail.com,doctor
885,Caritta,Radu,Caritta.Radu@yopmail.com,Caritta.Radu@gmail.com,police officer
886,Belva,Sekofski,Belva.Sekofski@yopmail.com,Belva.Sekofski@gmail.com,police officer
887,Feliza,Wandie,Feliza.Wandie@yopmail.com,Feliza.Wandie@gmail.com,police officer
888,Frances,Trey,Frances.Trey@yopmail.com,Frances.Trey@gmail.com,worker
889,Vonny,Magnolia,Vonny.Magnolia@yopmail.com,Vonny.Magnolia@gmail.com,worker
890,Kerrin,Arley,Kerrin.Arley@yopmail.com,Kerrin.Arley@gmail.com,developer
891,Madeleine,Ledah,Madeleine.Ledah@yopmail.com,Madeleine.Ledah@gmail.com,worker
892,Mady,Stuart,Mady.Stuart@yopmail.com,Mady.Stuart@gmail.com,worker
893,Raf,Shields,Raf.Shields@yopmail.com,Raf.Shields@gmail.com,firefighter
894,Luci,Camden,Luci.Camden@yopmail.com,Luci.Camden@gmail.com,doctor
895,Fawne,Toni,Fawne.Toni@yopmail.com,Fawne.Toni@gmail.com,firefighter
896,Celisse,Lenny,Celisse.Lenny@yopmail.com,Celisse.Lenny@gmail.com,doctor
897,Nyssa,Bevin,Nyssa.Bevin@yopmail.com,Nyssa.Bevin@gmail.com,developer
898,Melodie,Monk,Melodie.Monk@yopmail.com,Melodie.Monk@gmail.com,police officer
899,Nicoli,Swanhildas,Nicoli.Swanhildas@yopmail.com,Nicoli.Swanhildas@gmail.com,firefighter
900,Sheree,Masao,Sheree.Masao@yopmail.com,Sheree.Masao@gmail.com,developer
901,Dorice,Fulmer,Dorice.Fulmer@yopmail.com,Dorice.Fulmer@gmail.com,firefighter
902,Jenilee,Auberbach,Jenilee.Auberbach@yopmail.com,Jenilee.Auberbach@gmail.com,developer
903,Kimberley,Medrek,Kimberley.Medrek@yopmail.com,Kimberley.Medrek@gmail.com,developer
904,Miquela,Halla,Miquela.Halla@yopmail.com,Miquela.Halla@gmail.com,doctor
905,Max,Nerita,Max.Nerita@yopmail.com,Max.Nerita@gmail.com,firefighter
906,Bobinette,Si,Bobinette.Si@yopmail.com,Bobinette.Si@gmail.com,doctor
907,Wynne,Mendez,Wynne.Mendez@yopmail.com,Wynne.Mendez@gmail.com,doctor
908,Krystle,Scammon,Krystle.Scammon@yopmail.com,Krystle.Scammon@gmail.com,firefighter
909,Codie,Albertine,Codie.Albertine@yopmail.com,Codie.Albertine@gmail.com,developer
910,Rhoda,Gino,Rhoda.Gino@yopmail.com,Rhoda.Gino@gmail.com,doctor
911,Teriann,Hoban,Teriann.Hoban@yopmail.com,Teriann.Hoban@gmail.com,police officer
912,Allis,Bates,Allis.Bates@yopmail.com,Allis.Bates@gmail.com,firefighter
913,Margalo,Hylan,Margalo.Hylan@yopmail.com,Margalo.Hylan@gmail.com,developer
914,Delilah,Jeanne,Delilah.Jeanne@yopmail.com,Delilah.Jeanne@gmail.com,developer
915,Rayna,Kauppi,Rayna.Kauppi@yopmail.com,Rayna.Kauppi@gmail.com,firefighter
916,Ruthe,Medrek,Ruthe.Medrek@yopmail.com,Ruthe.Medrek@gmail.com,worker
917,Ernesta,Eugenia,Ernesta.Eugenia@yopmail.com,Ernesta.Eugenia@gmail.com,firefighter
918,Romona,Middleton,Romona.Middleton@yopmail.com,Romona.Middleton@gmail.com,worker
919,Jenda,Sidonius,Jenda.Sidonius@yopmail.com,Jenda.Sidonius@gmail.com,police officer
920,Frank,Alice,Frank.Alice@yopmail.com,Frank.Alice@gmail.com,police officer
921,Mahalia,Paton,Mahalia.Paton@yopmail.com,Mahalia.Paton@gmail.com,police officer
922,Demetris,Dawkins,Demetris.Dawkins@yopmail.com,Demetris.Dawkins@gmail.com,developer
923,Florie,Lea,Florie.Lea@yopmail.com,Florie.Lea@gmail.com,worker
924,Viki,Adore,Viki.Adore@yopmail.com,Viki.Adore@gmail.com,worker
925,Sybille,Radu,Sybille.Radu@yopmail.com,Sybille.Radu@gmail.com,firefighter
926,Marleah,Hurley,Marleah.Hurley@yopmail.com,Marleah.Hurley@gmail.com,worker
927,Deane,Latini,Deane.Latini@yopmail.com,Deane.Latini@gmail.com,firefighter
928,Cristine,Yusuk,Cristine.Yusuk@yopmail.com,Cristine.Yusuk@gmail.com,doctor
929,Shauna,Aurelio,Shauna.Aurelio@yopmail.com,Shauna.Aurelio@gmail.com,worker
930,Annora,Leffen,Annora.Leffen@yopmail.com,Annora.Leffen@gmail.com,worker
931,Gwyneth,Leary,Gwyneth.Leary@yopmail.com,Gwyneth.Leary@gmail.com,firefighter
932,Taffy,Marisa,Taffy.Marisa@yopmail.com,Taffy.Marisa@gmail.com,worker
933,Edith,Slifka,Edith.Slifka@yopmail.com,Edith.Slifka@gmail.com,police officer
934,Ariela,Tatianas,Ariela.Tatianas@yopmail.com,Ariela.Tatianas@gmail.com,police officer
935,Perry,Gordon,Perry.Gordon@yopmail.com,Perry.Gordon@gmail.com,firefighter
936,Lauryn,Vernier,Lauryn.Vernier@yopmail.com,Lauryn.Vernier@gmail.com,doctor
937,Xylina,Roche,Xylina.Roche@yopmail.com,Xylina.Roche@gmail.com,firefighter
938,Donetta,Ioab,Donetta.Ioab@yopmail.com,Donetta.Ioab@gmail.com,doctor
939,Janeczka,Germann,Janeczka.Germann@yopmail.com,Janeczka.Germann@gmail.com,firefighter
940,Tera,Elvyn,Tera.Elvyn@yopmail.com,Tera.Elvyn@gmail.com,doctor
941,Paule,Grosz,Paule.Grosz@yopmail.com,Paule.Grosz@gmail.com,worker
942,Fina,Toffic,Fina.Toffic@yopmail.com,Fina.Toffic@gmail.com,developer
943,Nananne,Guildroy,Nananne.Guildroy@yopmail.com,Nananne.Guildroy@gmail.com,developer
944,Larine,Olin,Larine.Olin@yopmail.com,Larine.Olin@gmail.com,firefighter
945,Annice,Anastatius,Annice.Anastatius@yopmail.com,Annice.Anastatius@gmail.com,developer
946,Lindie,Merell,Lindie.Merell@yopmail.com,Lindie.Merell@gmail.com,doctor
947,Selia,Jarib,Selia.Jarib@yopmail.com,Selia.Jarib@gmail.com,developer
948,Clarice,Drisko,Clarice.Drisko@yopmail.com,Clarice.Drisko@gmail.com,developer
949,Kamilah,Bartlett,Kamilah.Bartlett@yopmail.com,Kamilah.Bartlett@gmail.com,worker
950,Sharlene,Colp,Sharlene.Colp@yopmail.com,Sharlene.Colp@gmail.com,doctor
951,Beverley,Ehrman,Beverley.Ehrman@yopmail.com,Beverley.Ehrman@gmail.com,police officer
952,Melodie,Gordon,Melodie.Gordon@yopmail.com,Melodie.Gordon@gmail.com,firefighter
953,Dorothy,Shaddock,Dorothy.Shaddock@yopmail.com,Dorothy.Shaddock@gmail.com,doctor
954,Max,Brunell,Max.Brunell@yopmail.com,Max.Brunell@gmail.com,developer
955,Valera,Dorothy,Valera.Dorothy@yopmail.com,Valera.Dorothy@gmail.com,police officer
956,Gwyneth,Pauly,Gwyneth.Pauly@yopmail.com,Gwyneth.Pauly@gmail.com,police officer
957,Ernesta,Gaynor,Ernesta.Gaynor@yopmail.com,Ernesta.Gaynor@gmail.com,worker
958,Tani,Ietta,Tani.Ietta@yopmail.com,Tani.Ietta@gmail.com,police officer
959,Talya,Berl,Talya.Berl@yopmail.com,Talya.Berl@gmail.com,police officer
960,Madalyn,Aaberg,Madalyn.Aaberg@yopmail.com,Madalyn.Aaberg@gmail.com,developer
961,Elfreda,Agle,Elfreda.Agle@yopmail.com,Elfreda.Agle@gmail.com,police officer
962,Joleen,Natica,Joleen.Natica@yopmail.com,Joleen.Natica@gmail.com,developer
963,Deirdre,Sacken,Deirdre.Sacken@yopmail.com,Deirdre.Sacken@gmail.com,developer
964,Gusty,Bandeen,Gusty.Bandeen@yopmail.com,Gusty.Bandeen@gmail.com,worker
965,Fayre,Hanleigh,Fayre.Hanleigh@yopmail.com,Fayre.Hanleigh@gmail.com,developer
966,Jasmina,Tyson,Jasmina.Tyson@yopmail.com,Jasmina.Tyson@gmail.com,doctor
967,Nataline,Fiester,Nataline.Fiester@yopmail.com,Nataline.Fiester@gmail.com,worker
968,Vere,Ardra,Vere.Ardra@yopmail.com,Vere.Ardra@gmail.com,firefighter
969,Roberta,Desai,Roberta.Desai@yopmail.com,Roberta.Desai@gmail.com,police officer
970,Jemie,Melan,Jemie.Melan@yopmail.com,Jemie.Melan@gmail.com,police officer
971,Agnese,Weinreb,Agnese.Weinreb@yopmail.com,Agnese.Weinreb@gmail.com,police officer
972,Evaleen,Alejoa,Evaleen.Alejoa@yopmail.com,Evaleen.Alejoa@gmail.com,developer
973,Flo,Sparhawk,Flo.Sparhawk@yopmail.com,Flo.Sparhawk@gmail.com,doctor
974,Glenda,Karna,Glenda.Karna@yopmail.com,Glenda.Karna@gmail.com,developer
975,Ericka,Firmin,Ericka.Firmin@yopmail.com,Ericka.Firmin@gmail.com,firefighter
976,Celisse,Bebe,Celisse.Bebe@yopmail.com,Celisse.Bebe@gmail.com,developer
977,Lizzie,Revkah,Lizzie.Revkah@yopmail.com,Lizzie.Revkah@gmail.com,developer
978,Carmencita,Phaidra,Carmencita.Phaidra@yopmail.com,Carmencita.Phaidra@gmail.com,doctor
979,Ulrike,Francene,Ulrike.Francene@yopmail.com,Ulrike.Francene@gmail.com,firefighter
980,Laure,Read,Laure.Read@yopmail.com,Laure.Read@gmail.com,firefighter
981,Sybille,Berl,Sybille.Berl@yopmail.com,Sybille.Berl@gmail.com,police officer
982,Carol-Jean,Christal,Carol-Jean.Christal@yopmail.com,Carol-Jean.Christal@gmail.com,police officer
983,Karena,Ursulette,Karena.Ursulette@yopmail.com,Karena.Ursulette@gmail.com,developer
984,Gavrielle,Prouty,Gavrielle.Prouty@yopmail.com,Gavrielle.Prouty@gmail.com,worker
985,Mariele,Blisse,Mariele.Blisse@yopmail.com,Mariele.Blisse@gmail.com,doctor
986,Evaleen,Grobe,Evaleen.Grobe@yopmail.com,Evaleen.Grobe@gmail.com,worker
987,Max,Erlandson,Max.Erlandson@yopmail.com,Max.Erlandson@gmail.com,police officer
988,Myriam,Carvey,Myriam.Carvey@yopmail.com,Myriam.Carvey@gmail.com,police officer
989,Marika,Ailyn,Marika.Ailyn@yopmail.com,Marika.Ailyn@gmail.com,firefighter
990,Sheelagh,Ellerey,Sheelagh.Ellerey@yopmail.com,Sheelagh.Ellerey@gmail.com,developer
991,Queenie,Drisko,Queenie.Drisko@yopmail.com,Queenie.Drisko@gmail.com,police officer
992,Lita,Anyah,Lita.Anyah@yopmail.com,Lita.Anyah@gmail.com,firefighter
993,Kamilah,Cadmar,Kamilah.Cadmar@yopmail.com,Kamilah.Cadmar@gmail.com,firefighter
994,Sharai,Callista,Sharai.Callista@yopmail.com,Sharai.Callista@gmail.com,police officer
995,Shell,Rubie,Shell.Rubie@yopmail.com,Shell.Rubie@gmail.com,doctor
996,Jacquetta,Munn,Jacquetta.Munn@yopmail.com,Jacquetta.Munn@gmail.com,police officer
997,Alexine,Fiester,Alexine.Fiester@yopmail.com,Alexine.Fiester@gmail.com,worker
998,Nananne,Amadas,Nananne.Amadas@yopmail.com,Nananne.Amadas@gmail.com,worker
999,Ekaterina,Serilda,Ekaterina.Serilda@yopmail.com,Ekaterina.Serilda@gmail.com,developer
1000,June,Keelia,June.Keelia@yopmail.com,June.Keelia@gmail.com,developer
1001,Dode,Chabot,Dode.Chabot@yopmail.com,Dode.Chabot@gmail.com,police officer
1002,Loree,Malanie,Loree.Malanie@yopmail.com,Loree.Malanie@gmail.com,doctor
1003,Cam,Cherianne,Cam.Cherianne@yopmail.com,Cam.Cherianne@gmail.com,firefighter
1004,Jillayne,Behre,Jillayne.Behre@yopmail.com,Jillayne.Behre@gmail.com,police officer
1005,Daryl,Sinegold,Daryl.Sinegold@yopmail.com,Daryl.Sinegold@gmail.com,police officer
1006,Lily,Brotherson,Lily.Brotherson@yopmail.com,Lily.Brotherson@gmail.com,worker
1007,Mireielle,Schwejda,Mireielle.Schwejda@yopmail.com,Mireielle.Schwejda@gmail.com,firefighter
1008,Kary,Rubie,Kary.Rubie@yopmail.com,Kary.Rubie@gmail.com,firefighter
1009,Benita,Sophronia,Benita.Sophronia@yopmail.com,Benita.Sophronia@gmail.com,firefighter
1010,Chrystel,Fosque,Chrystel.Fosque@yopmail.com,Chrystel.Fosque@gmail.com,firefighter
1011,Shirlee,Loleta,Shirlee.Loleta@yopmail.com,Shirlee.Loleta@gmail.com,developer
1012,Gwyneth,Diann,Gwyneth.Diann@yopmail.com,Gwyneth.Diann@gmail.com,doctor
1013,Judy,Brenn,Judy.Brenn@yopmail.com,Judy.Brenn@gmail.com,worker
1014,Stevana,Durware,Stevana.Durware@yopmail.com,Stevana.Durware@gmail.com,developer
1015,Sherrie,Ardra,Sherrie.Ardra@yopmail.com,Sherrie.Ardra@gmail.com,police officer
1016,Lanna,Harday,Lanna.Harday@yopmail.com,Lanna.Harday@gmail.com,developer
1017,Gabriellia,Halla,Gabriellia.Halla@yopmail.com,Gabriellia.Halla@gmail.com,police officer
1018,Emma,Blake,Emma.Blake@yopmail.com,Emma.Blake@gmail.com,police officer
1019,Johna,Lesley,Johna.Lesley@yopmail.com,Johna.Lesley@gmail.com,worker
1020,Candy,Creamer,Candy.Creamer@yopmail.com,Candy.Creamer@gmail.com,developer
1021,Daphne,Schenck,Daphne.Schenck@yopmail.com,Daphne.Schenck@gmail.com,worker
1022,Alameda,Trace,Alameda.Trace@yopmail.com,Alameda.Trace@gmail.com,developer
1023,Rosene,Even,Rosene.Even@yopmail.com,Rosene.Even@gmail.com,developer
1024,Gilda,Truc,Gilda.Truc@yopmail.com,Gilda.Truc@gmail.com,doctor
1025,Verla,Himelman,Verla.Himelman@yopmail.com,Verla.Himelman@gmail.com,developer
1026,Lorne,Goldina,Lorne.Goldina@yopmail.com,Lorne.Goldina@gmail.com,police officer
1027,Amelia,Dudley,Amelia.Dudley@yopmail.com,Amelia.Dudley@gmail.com,firefighter
1028,Genevra,Lauraine,Genevra.Lauraine@yopmail.com,Genevra.Lauraine@gmail.com,worker
1029,Korrie,Dowski,Korrie.Dowski@yopmail.com,Korrie.Dowski@gmail.com,firefighter
1030,Harrietta,Pillsbury,Harrietta.Pillsbury@yopmail.com,Harrietta.Pillsbury@gmail.com,police officer
1031,Deane,Birdella,Deane.Birdella@yopmail.com,Deane.Birdella@gmail.com,firefighter
1032,Renie,Ashok,Renie.Ashok@yopmail.com,Renie.Ashok@gmail.com,firefighter
1033,Dolli,Warthman,Dolli.Warthman@yopmail.com,Dolli.Warthman@gmail.com,firefighter
1034,Willetta,Shama,Willetta.Shama@yopmail.com,Willetta.Shama@gmail.com,doctor
1035,Steffane,Ariella,Steffane.Ariella@yopmail.com,Steffane.Ariella@gmail.com,firefighter
1036,Kerrin,Brotherson,Kerrin.Brotherson@yopmail.com,Kerrin.Brotherson@gmail.com,worker
1037,Veda,Creamer,Veda.Creamer@yopmail.com,Veda.Creamer@gmail.com,police officer
1038,Cordi,Greyson,Cordi.Greyson@yopmail.com,Cordi.Greyson@gmail.com,firefighter
1039,Kimberley,Kalinda,Kimberley.Kalinda@yopmail.com,Kimberley.Kalinda@gmail.com,developer
1040,Emilia,Juan,Emilia.Juan@yopmail.com,Emilia.Juan@gmail.com,police officer
1041,Ayn,Romelda,Ayn.Romelda@yopmail.com,Ayn.Romelda@gmail.com,worker
1042,Mariele,Holbrook,Mariele.Holbrook@yopmail.com,Mariele.Holbrook@gmail.com,police officer
1043,Roslyn,Ricarda,Roslyn.Ricarda@yopmail.com,Roslyn.Ricarda@gmail.com,police officer
1044,Marika,Wiener,Marika.Wiener@yopmail.com,Marika.Wiener@gmail.com,firefighter
1045,Marita,Nahum,Marita.Nahum@yopmail.com,Marita.Nahum@gmail.com,worker
1046,Cissiee,Grimbly,Cissiee.Grimbly@yopmail.com,Cissiee.Grimbly@gmail.com,police officer
1047,Annaliese,Fontana,Annaliese.Fontana@yopmail.com,Annaliese.Fontana@gmail.com,firefighter
1048,Dominga,Stevy,Dominga.Stevy@yopmail.com,Dominga.Stevy@gmail.com,developer
1049,Christian,Dituri,Christian.Dituri@yopmail.com,Christian.Dituri@gmail.com,police officer
1050,Valeda,Joeann,Valeda.Joeann@yopmail.com,Valeda.Joeann@gmail.com,firefighter
1051,Cherilyn,Lorain,Cherilyn.Lorain@yopmail.com,Cherilyn.Lorain@gmail.com,firefighter
1052,Perry,Fitzsimmons,Perry.Fitzsimmons@yopmail.com,Perry.Fitzsimmons@gmail.com,police officer
1053,Jeanna,Ailyn,Jeanna.Ailyn@yopmail.com,Jeanna.Ailyn@gmail.com,firefighter
1054,Codie,Decato,Codie.Decato@yopmail.com,Codie.Decato@gmail.com,developer
1055,Nessie,Vins,Nessie.Vins@yopmail.com,Nessie.Vins@gmail.com,developer
1056,Meg,Faso,Meg.Faso@yopmail.com,Meg.Faso@gmail.com,police officer
1057,Sheelagh,Breed,Sheelagh.Breed@yopmail.com,Sheelagh.Breed@gmail.com,worker
1058,Helsa,Audly,Helsa.Audly@yopmail.com,Helsa.Audly@gmail.com,worker
1059,Asia,Marisa,Asia.Marisa@yopmail.com,Asia.Marisa@gmail.com,doctor
1060,Kamilah,Gaal,Kamilah.Gaal@yopmail.com,Kamilah.Gaal@gmail.com,doctor
1061,Lynde,Stelle,Lynde.Stelle@yopmail.com,Lynde.Stelle@gmail.com,firefighter
1062,Yolane,Atonsah,Yolane.Atonsah@yopmail.com,Yolane.Atonsah@gmail.com,doctor
1063,Kial,Bethany,Kial.Bethany@yopmail.com,Kial.Bethany@gmail.com,police officer
1064,Rubie,Nisbet,Rubie.Nisbet@yopmail.com,Rubie.Nisbet@gmail.com,firefighter
1065,Rosanne,Melony,Rosanne.Melony@yopmail.com,Rosanne.Melony@gmail.com,doctor
1066,Cordi,Dudley,Cordi.Dudley@yopmail.com,Cordi.Dudley@gmail.com,firefighter
1067,Gianina,Giule,Gianina.Giule@yopmail.com,Gianina.Giule@gmail.com,developer
1068,Agnese,Goerke,Agnese.Goerke@yopmail.com,Agnese.Goerke@gmail.com,doctor
1069,Elvira,Nedrud,Elvira.Nedrud@yopmail.com,Elvira.Nedrud@gmail.com,firefighter
1070,Diena,Romelda,Diena.Romelda@yopmail.com,Diena.Romelda@gmail.com,worker
1071,Kirbee,Giff,Kirbee.Giff@yopmail.com,Kirbee.Giff@gmail.com,developer
1072,Amalie,Alice,Amalie.Alice@yopmail.com,Amalie.Alice@gmail.com,developer
1073,Clary,Gwenore,Clary.Gwenore@yopmail.com,Clary.Gwenore@gmail.com,developer
1074,Codie,Candy,Codie.Candy@yopmail.com,Codie.Candy@gmail.com,police officer
1075,Lynea,Meter,Lynea.Meter@yopmail.com,Lynea.Meter@gmail.com,worker
1076,Lesly,Barbey,Lesly.Barbey@yopmail.com,Lesly.Barbey@gmail.com,developer
1077,Addia,Peti,Addia.Peti@yopmail.com,Addia.Peti@gmail.com,doctor
1078,Antonietta,Naor,Antonietta.Naor@yopmail.com,Antonietta.Naor@gmail.com,police officer
1079,Dyann,Aurelio,Dyann.Aurelio@yopmail.com,Dyann.Aurelio@gmail.com,doctor
1080,Dianemarie,Valoniah,Dianemarie.Valoniah@yopmail.com,Dianemarie.Valoniah@gmail.com,doctor
1081,Silvana,Concha,Silvana.Concha@yopmail.com,Silvana.Concha@gmail.com,developer
1082,Jere,Cath,Jere.Cath@yopmail.com,Jere.Cath@gmail.com,police officer
1083,Brana,Brenn,Brana.Brenn@yopmail.com,Brana.Brenn@gmail.com,developer
1084,Nannie,Romelda,Nannie.Romelda@yopmail.com,Nannie.Romelda@gmail.com,doctor
1085,Aubrie,Gualtiero,Aubrie.Gualtiero@yopmail.com,Aubrie.Gualtiero@gmail.com,police officer
1086,Carol-Jean,Fancie,Carol-Jean.Fancie@yopmail.com,Carol-Jean.Fancie@gmail.com,firefighter
1087,Coral,Lane,Coral.Lane@yopmail.com,Coral.Lane@gmail.com,developer
1088,Ursulina,Vins,Ursulina.Vins@yopmail.com,Ursulina.Vins@gmail.com,doctor
1089,Nikki,Ackerley,Nikki.Ackerley@yopmail.com,Nikki.Ackerley@gmail.com,developer
1090,Roxane,Doig,Roxane.Doig@yopmail.com,Roxane.Doig@gmail.com,developer
1091,Karlee,Aprile,Karlee.Aprile@yopmail.com,Karlee.Aprile@gmail.com,developer
1092,Aigneis,Lemuela,Aigneis.Lemuela@yopmail.com,Aigneis.Lemuela@gmail.com,firefighter
1093,Dennie,Jillane,Dennie.Jillane@yopmail.com,Dennie.Jillane@gmail.com,police officer
1094,Gwenneth,Vanni,Gwenneth.Vanni@yopmail.com,Gwenneth.Vanni@gmail.com,doctor
1095,Daune,Si,Daune.Si@yopmail.com,Daune.Si@gmail.com,firefighter
1096,Anica,Drus,Anica.Drus@yopmail.com,Anica.Drus@gmail.com,developer
1097,Leontine,Idelia,Leontine.Idelia@yopmail.com,Leontine.Idelia@gmail.com,doctor
1098,Tiffie,Jefferey,Tiffie.Jefferey@yopmail.com,Tiffie.Jefferey@gmail.com,police officer
1099,Justinn,Burch,Justinn.Burch@yopmail.com,Justinn.Burch@gmail.com,police officer
